type,step,Sum_total_amount_num,Sum_fraud_count_num,Avg_total_amount_num
DEBIT,129,347096.3900000001,0,347096.3900000001
TRANSFER,147,16190378.81,3,16190378.81
TRANSFER,50,1672559.4700000002,3,1672559.4700000002
DEBIT,15,1215836.7900000005,0,1215836.7900000005
DEBIT,22,1325136.0499999998,0,1325136.0499999998
TRANSFER,62,2256158.2800000003,4,2256158.2800000003
DEBIT,35,226420.71999999994,0,226420.71999999994
CASH_OUT,8,1096585316.379997,6,1096585316.379997
TRANSFER,34,1891001086.4400015,11,1891001086.4400015
CASH_IN,154,815095602.2199997,0,815095602.2199997
TRANSFER,17,2241390886.2199984,3,2241390886.2199984
CASH_IN,11,1435300434.180005,0,1435300434.180005
DEBIT,37,674028.8400000003,0,674028.8400000003
DEBIT,120,686957.98,0,686957.98
DEBIT,146,122232.22,0,122232.22
CASH_OUT,78,5604072.449999999,5,5604072.449999999
CASH_OUT,126,7427701.62,3,7427701.62
DEBIT,21,1176643.3300000005,0,1176643.3300000005
TRANSFER,124,11038690.02,2,11038690.02
CASH_OUT,60,2525912.3,6,2525912.3
PAYMENT,35,118587983.46000007,0,118587983.46000007
TRANSFER,69,20729184.639999997,10,20729184.639999997
DEBIT,16,968802.6399999999,0,968802.6399999999
DEBIT,141,491190.39999999997,0,491190.39999999997
DEBIT,96,295171.45,0,295171.45
CASH_OUT,122,15574004.729999995,7,15574004.729999995
PAYMENT,24,19133672.13999997,0,19133672.13999997
TRANSFER,93,250519416.30000004,8,250519416.30000004
TRANSFER,31,6463564.0200000005,6,6463564.0200000005
CASH_OUT,103,2741453.88,4,2741453.88
CASH_OUT,90,10387255.17,8,10387255.17
CASH_OUT,43,2845729052.2799916,6,2845729052.2799916
CASH_OUT,27,4807049.459999999,4,4807049.459999999
CASH_IN,153,723874794.3600005,0,723874794.3600005
PAYMENT,4,1262506.1199999996,0,1262506.1199999996
CASH_OUT,79,3130803.07,5,3130803.07
CASH_OUT,117,6677644.46,6,6677644.46
DEBIT,34,472993.83999999997,0,472993.83999999997
CASH_IN,14,1624930275.880001,0,1624930275.880001
CASH_IN,47,222013693.6599997,0,222013693.6599997
PAYMENT,140,116359927.9900004,0,116359927.9900004
DEBIT,40,452020.8299999999,0,452020.8299999999
CASH_IN,9,1388800804.7999995,0,1388800804.7999995
TRANSFER,77,17962750,5,17962750
PAYMENT,97,3313900.6500000013,0,3313900.6500000013
DEBIT,145,238091.61000000002,0,238091.61000000002
CASH_OUT,87,1313660.79,3,1313660.79
CASH_OUT,136,2231683630.719991,5,2231683630.719991
PAYMENT,46,47220312.06000003,0,47220312.06000003
PAYMENT,120,15843400.669999976,0,15843400.669999976
TRANSFER,51,4156666.97,7,4156666.97
DEBIT,9,1119875.6799999997,0,1119875.6799999997
CASH_OUT,69,20729184.639999997,10,20729184.639999997
CASH_OUT,17,3028075622.3499875,4,3028075622.3499875
TRANSFER,99,6522056.900000001,4,6522056.900000001
CASH_IN,119,110812002.30999991,0,110812002.30999991
TRANSFER,16,1974842387.0100021,5,1974842387.0100021
CASH_OUT,9,2533949644.4100027,9,2533949644.4100027
TRANSFER,81,5101059.47,5,5101059.47
PAYMENT,147,325071.45,0,325071.45
PAYMENT,13,171257206.00000077,0,171257206.00000077
CASH_OUT,147,3786772.3499999996,3,3786772.3499999996
DEBIT,10,1231411.27,0,1231411.27
PAYMENT,133,196055874.42999947,0,196055874.42999947
TRANSFER,140,1583403929.1499996,7,1583403929.1499996
TRANSFER,71,6827675.720000001,10,6827675.720000001
DEBIT,13,899031.1499999998,0,899031.1499999998
CASH_OUT,66,21762995.560000002,12,21762995.560000002
DEBIT,36,338575.2100000001,0,338575.2100000001
CASH_OUT,12,2747818497.9100037,8,2747818497.9100037
CASH_OUT,30,487600.45999999996,4,487600.45999999996
TRANSFER,114,3874487.19,2,3874487.19
CASH_OUT,108,7763016.180000001,4,7763016.180000001
DEBIT,49,31606.650000000005,0,31606.650000000005
CASH_OUT,131,2777325467.86,8,2777325467.86
CASH_IN,136,1319420814.44,0,1319420814.44
CASH_OUT,99,6522056.900000001,4,6522056.900000001
CASH_OUT,149,21006775.529999997,11,21006775.529999997
CASH_OUT,4,22721281.610000014,5,22721281.610000014
PAYMENT,23,38096012.509999946,0,38096012.509999946
DEBIT,132,2238725.4899999998,0,2238725.4899999998
TRANSFER,103,2741453.88,4,2741453.88
DEBIT,8,507625.64000000013,0,507625.64000000013
CASH_OUT,65,8163413.91,10,8163413.91
CASH_IN,10,1398498808.7999995,0,1398498808.7999995
CASH_IN,24,87103032.04000002,0,87103032.04000002
CASH_OUT,33,1552509172.0600002,6,1552509172.0600002
TRANSFER,25,85105901.1,9,85105901.1
CASH_OUT,1,66629775.940000035,9,66629775.940000035
TRANSFER,20,1620696608.0200052,2,1620696608.0200052
PAYMENT,12,164235951.54999986,0,164235951.54999986
TRANSFER,48,247239278.4900001,5,247239278.4900001
TRANSFER,19,2013377108.8600016,5,2013377108.8600016
CASH_IN,8,651968262.8500003,0,651968262.8500003
PAYMENT,8,84876354.0499999,0,84876354.0499999
DEBIT,44,1569375.8,0,1569375.8
DEBIT,17,1600335.01,0,1600335.01
TRANSFER,3,14174436.630000003,2,14174436.630000003
CASH_OUT,52,9674965.96,4,9674965.96
TRANSFER,58,20416314.43,10,20416314.43
TRANSFER,139,2119765112.0499992,2,2119765112.0499992
TRANSFER,35,1926517219.7899966,7,1926517219.7899966
CASH_OUT,13,2794368231.1200213,7,2794368231.1200213
CASH_IN,17,1678635811.5300035,0,1678635811.5300035
PAYMENT,44,121290087.43999994,0,121290087.43999994
PAYMENT,40,119988759.17999993,0,119988759.17999993
PAYMENT,146,1943657.8899999997,0,1943657.8899999997
CASH_IN,21,548880768.6799991,0,548880768.6799991
CASH_OUT,71,6827675.720000001,10,6827675.720000001
CASH_IN,1,85500789.61000006,0,85500789.61000006
CASH_OUT,125,9184709.59,5,9184709.59
TRANSFER,44,1419458564.8500028,4,1419458564.8500028
PAYMENT,34,126919326.06000072,0,126919326.06000072
CASH_OUT,82,17906237.14,5,17906237.14
PAYMENT,132,179934633.36000034,0,179934633.36000034
PAYMENT,41,110667994.15999986,0,110667994.15999986
TRANSFER,2,33305060.660000004,4,33305060.660000004
TRANSFER,149,21006775.529999997,11,21006775.529999997
TRANSFER,65,8163413.91,10,8163413.91
CASH_IN,142,352211954.3099989,0,352211954.3099989
CASH_IN,130,1403434634.1199982,0,1403434634.1199982
PAYMENT,136,120135787.96000002,0,120135787.96000002
TRANSFER,32,4680910.04,6,4680910.04
PAYMENT,25,8501799.130000006,0,8501799.130000006
TRANSFER,90,10387255.17,8,10387255.17
TRANSFER,151,5101797.680000001,9,5101797.680000001
CASH_OUT,119,205453417.6,5,205453417.6
CASH_IN,37,1340350661.1899996,0,1340350661.1899996
TRANSFER,39,1110662619.0300024,6,1110662619.0300024
PAYMENT,33,82661437.16999999,0,82661437.16999999
CASH_OUT,143,262554253.97000018,8,262554253.97000018
CASH_OUT,76,2076363.54,2,2076363.54
CASH_IN,96,145244159.3500001,0,145244159.3500001
CASH_OUT,70,1470623.97,3,1470623.97
CASH_OUT,98,6445709.989999999,7,6445709.989999999
PAYMENT,145,4754973.519999994,0,4754973.519999994
CASH_OUT,19,3072409624.419996,6,3072409624.419996
TRANSFER,30,487600.45999999996,4,487600.45999999996
CASH_OUT,37,2541774478.519999,7,2541774478.519999
CASH_OUT,28,4323576.109999999,2,4323576.109999999
PAYMENT,138,148564624.51000002,0,148564624.51000002
TRANSFER,56,10899785.38,9,10899785.38
PAYMENT,6,12249798.459999997,0,12249798.459999997
PAYMENT,93,15783791.780000005,0,15783791.780000005
TRANSFER,146,21678968.090000007,5,21678968.090000007
CASH_IN,12,1480154005.309992,0,1480154005.309992
TRANSFER,123,11619488.379999999,3,11619488.379999999
DEBIT,154,616829.9099999998,0,616829.9099999998
PAYMENT,1,8337616.689999998,0,8337616.689999998
TRANSFER,137,1451845333.240003,6,1451845333.240003
CASH_OUT,62,2256158.2800000003,4,2256158.2800000003
TRANSFER,135,1505110461.440005,4,1505110461.440005
TRANSFER,47,344543931.33000016,11,344543931.33000016
PAYMENT,9,168557968.82999972,0,168557968.82999972
CASH_IN,93,139277650.8500001,0,139277650.8500001
PAYMENT,45,65128125.04999977,0,65128125.04999977
CASH_OUT,97,20665740.380000003,5,20665740.380000003
DEBIT,95,374708.11999999994,0,374708.11999999994
PAYMENT,144,21026335.46,0,21026335.46
CASH_IN,121,33304211.01000001,0,33304211.01000001
PAYMENT,43,144851816.8599998,0,144851816.8599998
CASH_OUT,88,17314021.2,4,17314021.2
DEBIT,142,582399.2499999997,0,582399.2499999997
CASH_OUT,48,152296957.64999977,5,152296957.64999977
TRANSFER,70,1470623.97,3,1470623.97
TRANSFER,61,5163187.38,7,5163187.38
DEBIT,19,1428266.3499999994,0,1428266.3499999994
DEBIT,123,1103.83,0,1103.83
CASH_OUT,2,15942243.380000006,4,15942243.380000006
CASH_IN,120,96782932.74000008,0,96782932.74000008
CASH_OUT,148,5401385.009999999,6,5401385.009999999
TRANSFER,91,2169942.55,4,2169942.55
TRANSFER,54,1788799.1800000002,2,1788799.1800000002
TRANSFER,59,12853918.860000001,10,12853918.860000001
TRANSFER,105,7743884.649999999,9,7743884.649999999
TRANSFER,143,421669035.53000003,8,421669035.53000003
TRANSFER,88,17314021.2,4,17314021.2
DEBIT,93,88319.98000000001,0,88319.98000000001
TRANSFER,82,17906237.14,5,17906237.14
PAYMENT,47,37410031.010000035,0,37410031.010000035
CASH_OUT,102,3221499.81,6,3221499.81
TRANSFER,142,646821026.7400001,4,646821026.7400001
CASH_OUT,58,20416314.43,10,20416314.43
CASH_OUT,110,4422757.79,5,4422757.79
CASH_IN,15,1714817153.7900043,0,1714817153.7900043
CASH_IN,33,977936068.2600006,0,977936068.2600006
CASH_OUT,124,11038690.02,2,11038690.02
TRANSFER,112,42418.85,1,42418.85
CASH_OUT,74,16897097.53,11,16897097.53
PAYMENT,129,101839965.13000003,0,101839965.13000003
DEBIT,1,663632.3299999996,0,663632.3299999996
TRANSFER,36,2029746498.309994,9,2029746498.309994
DEBIT,41,1059432.07,0,1059432.07
CASH_OUT,100,1506829.14,3,1506829.14
PAYMENT,3,3011608.8000000007,0,3011608.8000000007
CASH_IN,146,24693733.180000007,0,24693733.180000007
CASH_OUT,11,2822789751.320012,3,2822789751.320012
CASH_OUT,39,1650151000.2099955,6,1650151000.2099955
TRANSFER,80,1496311.2999999998,5,1496311.2999999998
CASH_OUT,61,5163187.38,7,5163187.38
PAYMENT,153,76739357.1600001,0,76739357.1600001
CASH_IN,143,214319862.0900003,0,214319862.0900003
DEBIT,136,630057.6799999997,0,630057.6799999997
TRANSFER,104,3882269.5,7,3882269.5
TRANSFER,41,1623087174.7200038,6,1623087174.7200038
TRANSFER,116,8188198.39,7,8188198.39
CASH_IN,13,1543245212.549995,0,1543245212.549995
TRANSFER,67,1177300.28,3,1177300.28
CASH_OUT,123,10845837.65,3,10845837.65
TRANSFER,125,9184709.59,5,9184709.59
PAYMENT,11,173497410.08999985,0,173497410.08999985
CASH_IN,2,32496559.82,0,32496559.82
CASH_IN,140,1209317900.7900033,0,1209317900.7900033
DEBIT,119,209096.76000000007,0,209096.76000000007
TRANSFER,118,16723160.990000002,6,16723160.990000002
CASH_OUT,127,11044602.280000001,7,11044602.280000001
DEBIT,12,8944374.100000007,0,8944374.100000007
TRANSFER,85,12809468.559999999,7,12809468.559999999
PAYMENT,96,27209790.500000115,0,27209790.500000115
CASH_IN,42,1576448970.189998,0,1576448970.189998
DEBIT,2,240648.4699999999,0,240648.4699999999
TRANSFER,108,7763016.180000001,4,7763016.180000001
TRANSFER,117,6677644.46,6,6677644.46
DEBIT,42,1028958.6799999998,0,1028958.6799999998
CASH_OUT,22,474920852.8500007,12,474920852.8500007
PAYMENT,123,105910.32999999999,0,105910.32999999999
CASH_IN,122,21552634.789999995,0,21552634.789999995
CASH_OUT,47,290875420.9699997,10,290875420.9699997
TRANSFER,23,277615800.27000004,1,277615800.27000004
CASH_IN,41,1435192196.2799995,0,1435192196.2799995
TRANSFER,8,1605664848.429999,6,1605664848.429999
CASH_OUT,31,6463564.0200000005,6,6463564.0200000005
DEBIT,147,11904.759999999998,0,11904.759999999998
PAYMENT,37,152353928.76,0,152353928.76
DEBIT,45,1038754.7699999999,0,1038754.7699999999
CASH_OUT,89,1078790.5599999998,3,1078790.5599999998
TRANSFER,43,1983049729.5700006,7,1983049729.5700006
CASH_OUT,106,6203793.42,9,6203793.42
CASH_OUT,83,5304155.199999999,6,5304155.199999999
PAYMENT,130,177711682.83000004,0,177711682.83000004
DEBIT,97,37675.98,0,37675.98
CASH_OUT,101,6031120.510000001,6,6031120.510000001
DEBIT,134,465122.97000000015,0,465122.97000000015
TRANSFER,109,4194082.9700000007,6,4194082.9700000007
CASH_OUT,91,2169942.55,4,2169942.55
PAYMENT,95,38645571.37000004,0,38645571.37000004
PAYMENT,10,151899799.90999964,0,151899799.90999964
DEBIT,46,851849.5199999999,0,851849.5199999999
CASH_OUT,139,2837199060.730003,2,2837199060.730003
TRANSFER,9,2915950945.7099943,10,2915950945.7099943
TRANSFER,57,1526867.46,3,1526867.46
TRANSFER,52,9674965.96,4,9674965.96
TRANSFER,21,787140141.3700013,2,787140141.3700013
PAYMENT,141,58904798.770000294,0,58904798.770000294
TRANSFER,18,2089351275.0000021,7,2089351275.0000021
TRANSFER,49,13891966.579999998,2,13891966.579999998
CASH_OUT,113,1988499.55,3,1988499.55
TRANSFER,60,2525912.3,6,2525912.3
CASH_OUT,29,608840.23,2,608840.23
DEBIT,94,1273724.3,0,1273724.3
CASH_IN,94,334714353.40000004,0,334714353.40000004
PAYMENT,142,59580753.739999995,0,59580753.739999995
DEBIT,25,354589.10000000003,0,354589.10000000003
DEBIT,14,958296.4700000006,0,958296.4700000006
DEBIT,38,652321.3799999997,0,652321.3799999997
PAYMENT,137,154625987.76999968,0,154625987.76999968
CASH_IN,44,1223680813.7699997,0,1223680813.7699997
CASH_OUT,42,2727467903.540007,7,2727467903.540007
CASH_OUT,63,2053394.88,4,2053394.88
PAYMENT,14,130047919.85000005,0,130047919.85000005
CASH_OUT,59,12853918.860000001,10,12853918.860000001
TRANSFER,92,1877059.3800000001,5,1877059.3800000001
CASH_OUT,35,2095785967.5800056,8,2095785967.5800056
DEBIT,4,11476.220000000001,0,11476.220000000001
PAYMENT,38,97613785.71000023,0,97613785.71000023
CASH_OUT,73,1291237.21,4,1291237.21
TRANSFER,120,178955573.52000028,6,178955573.52000028
TRANSFER,128,7996242.76,4,7996242.76
TRANSFER,63,2053394.88,4,2053394.88
TRANSFER,145,44361782.89999999,7,44361782.89999999
CASH_OUT,64,7340663.9799999995,9,7340663.9799999995
TRANSFER,7,432135078.3899999,6,432135078.3899999
CASH_IN,40,1326524315.78,0,1326524315.78
CASH_IN,141,552317584.0599986,0,552317584.0599986
CASH_IN,95,165058098.42,0,165058098.42
CASH_OUT,116,8188198.39,7,8188198.39
PAYMENT,139,173847778.7299996,0,173847778.7299996
CASH_OUT,96,240998031.9500001,2,240998031.9500001
CASH_OUT,107,2531010.32,5,2531010.32
TRANSFER,75,2985307.5300000003,4,2985307.5300000003
PAYMENT,7,29722267.250000056,0,29722267.250000056
DEBIT,11,1546801.4600000004,0,1546801.4600000004
CASH_IN,19,1868721005.9699922,0,1868721005.9699922
DEBIT,6,69496.59000000001,0,69496.59000000001
DEBIT,122,19225.779999999995,0,19225.779999999995
CASH_OUT,94,393112176.99999964,6,393112176.99999964
TRANSFER,33,1621799703.7699988,6,1621799703.7699988
CASH_IN,39,940584138.9399996,0,940584138.9399996
DEBIT,48,430081.63000000024,0,430081.63000000024
CASH_OUT,114,3874487.19,2,3874487.19
CASH_OUT,55,2484575.4099999997,6,2484575.4099999997
PAYMENT,20,126097822.99999996,0,126097822.99999996
CASH_IN,7,166049774.39999983,0,166049774.39999983
CASH_IN,144,77165607.13999991,0,77165607.13999991
PAYMENT,131,161615881.37000033,0,161615881.37000033
PAYMENT,36,191027137.3200005,0,191027137.3200005
CASH_OUT,138,1923864054.5199919,2,1923864054.5199919
CASH_OUT,24,110810265.93999994,3,110810265.93999994
CASH_OUT,15,3322879186.6300035,11,3322879186.6300035
CASH_OUT,118,16723160.990000002,6,16723160.990000002
DEBIT,133,500765.51000000007,0,500765.51000000007
DEBIT,131,1860591.1500000008,0,1860591.1500000008
CASH_OUT,51,4156666.97,7,4156666.97
CASH_OUT,104,3882269.5,7,3882269.5
CASH_IN,23,141310397.92000005,0,141310397.92000005
TRANSFER,24,174804220.4600002,3,174804220.4600002
CASH_OUT,84,18305642.990000002,8,18305642.990000002
TRANSFER,66,21762995.560000002,12,21762995.560000002
TRANSFER,68,14941179.04,9,14941179.04
DEBIT,33,420153.3700000001,0,420153.3700000001
PAYMENT,16,154097525.9799995,0,154097525.9799995
TRANSFER,40,1653431569.4300005,7,1653431569.4300005
CASH_OUT,10,2629174024.5799932,6,2629174024.5799932
PAYMENT,39,75966302.47999999,0,75966302.47999999
DEBIT,153,472868.56999999995,0,472868.56999999995
PAYMENT,122,999257.7399999999,0,999257.7399999999
TRANSFER,138,1198419156.7499993,2,1198419156.7499993
CASH_OUT,18,3194588665.3199964,9,3194588665.3199964
CASH_OUT,72,29924189.61,7,29924189.61
CASH_OUT,105,7743884.649999999,9,7743884.649999999
CASH_IN,45,548522181.4100008,0,548522181.4100008
TRANSFER,97,16082360.53,5,16082360.53
TRANSFER,79,3130803.07,5,3130803.07
CASH_IN,139,1675979956.0300012,0,1675979956.0300012
TRANSFER,111,5900694.2299999995,5,5900694.2299999995
DEBIT,140,614147.7799999999,0,614147.7799999999
CASH_OUT,40,2510366383.820002,7,2510366383.820002
TRANSFER,107,2531010.32,5,2531010.32
CASH_OUT,68,14941179.04,9,14941179.04
TRANSFER,53,6308950.77,5,6308950.77
DEBIT,26,5714.91,0,5714.91
CASH_OUT,25,46765734.43,9,46765734.43
TRANSFER,106,6203793.42,9,6203793.42
TRANSFER,150,7007292.22,7,7007292.22
PAYMENT,154,80865509.84999977,0,80865509.84999977
TRANSFER,76,2076363.54,2,2076363.54
TRANSFER,148,5401385.009999999,6,5401385.009999999
TRANSFER,133,2021291855.3299997,5,2021291855.3299997
TRANSFER,84,18305642.990000002,8,18305642.990000002
DEBIT,130,671755.2599999999,0,671755.2599999999
PAYMENT,15,149756881.07999912,0,149756881.07999912
CASH_OUT,6,30301591.549999997,11,30301591.549999997
CASH_OUT,145,28317121.790000014,7,28317121.790000014
PAYMENT,119,30658836.83999996,0,30658836.83999996
TRANSFER,121,44972232.13,7,44972232.13
PAYMENT,121,8177430.740000002,0,8177430.740000002
CASH_IN,22,370032352.4500002,0,370032352.4500002
CASH_IN,133,1487657046.7399998,0,1487657046.7399998
CASH_OUT,20,2082739610.3300047,2,2082739610.3300047
PAYMENT,134,183183381.4800006,0,183183381.4800006
TRANSFER,141,702759754.5600009,4,702759754.5600009
TRANSFER,119,305336971.2399999,5,305336971.2399999
TRANSFER,100,1506829.14,3,1506829.14
DEBIT,144,327484.78,0,327484.78
CASH_OUT,95,257848746.06000012,7,257848746.06000012
CASH_IN,132,1537005109.4599996,0,1537005109.4599996
CASH_OUT,32,4680910.04,6,4680910.04
CASH_OUT,50,1672559.4700000002,3,1672559.4700000002
DEBIT,18,1233864.9299999997,0,1233864.9299999997
TRANSFER,110,4422757.79,5,4422757.79
CASH_IN,134,1378115225.499992,0,1378115225.499992
TRANSFER,131,2220246669.3499975,8,2220246669.3499975
CASH_IN,131,1622714798.3600013,0,1622714798.3600013
CASH_OUT,5,10303008.599999998,3,10303008.599999998
TRANSFER,27,5651531.63,4,5651531.63
TRANSFER,83,5304155.199999999,6,5304155.199999999
CASH_OUT,81,5101059.47,5,5101059.47
TRANSFER,134,1596204298.0399983,5,1596204298.0399983
CASH_IN,35,1154726075.8000019,0,1154726075.8000019
CASH_OUT,75,2985307.5300000003,4,2985307.5300000003
CASH_IN,16,1746535418.5800035,0,1746535418.5800035
CASH_OUT,121,25361766.86000001,7,25361766.86000001
PAYMENT,135,126101947.92999992,0,126101947.92999992
CASH_OUT,142,487515966.1100002,4,487515966.1100002
TRANSFER,6,68691503.12999994,11,68691503.12999994
TRANSFER,136,1730551711.2299979,5,1730551711.2299979
PAYMENT,42,131501669.52,0,131501669.52
CASH_OUT,115,3613110.8600000003,5,3613110.8600000003
PAYMENT,17,166623077.1600019,0,166623077.1600019
TRANSFER,37,1926867381.8499968,6,1926867381.8499968
DEBIT,121,82797.92,0,82797.92
CASH_OUT,14,3110507762.659994,6,3110507762.659994
TRANSFER,94,513096304,6,513096304
TRANSFER,115,3613110.8600000003,5,3613110.8600000003
CASH_OUT,34,2283627182.7799892,11,2283627182.7799892
PAYMENT,19,147910524.3699998,0,147910524.3699998
CASH_OUT,77,17962750,5,17962750
TRANSFER,96,324800656.5500004,2,324800656.5500004
DEBIT,3,96379.84999999999,0,96379.84999999999
PAYMENT,21,68622262.29000007,0,68622262.29000007
TRANSFER,55,2484575.4099999997,6,2484575.4099999997
TRANSFER,153,1611232053.139999,5,1611232053.139999
CASH_IN,25,49942785.82999999,0,49942785.82999999
CASH_OUT,140,2030617587.8699887,7,2030617587.8699887
CASH_IN,38,1247569666.7199988,0,1247569666.7199988
CASH_OUT,154,1367774461.9099967,5,1367774461.9099967
CASH_IN,20,1342679682.3300009,0,1342679682.3300009
TRANSFER,13,2337771319.1499934,7,2337771319.1499934
CASH_IN,43,1536568940.9299936,0,1536568940.9299936
CASH_OUT,120,85275735.53000002,6,85275735.53000002
CASH_OUT,85,12809468.559999999,7,12809468.559999999
CASH_OUT,57,1526867.46,3,1526867.46
CASH_IN,5,25071346.06,0,25071346.06
TRANSFER,154,1308563284.6699986,5,1308563284.6699986
CASH_IN,18,1809671395.0699966,0,1809671395.0699966
PAYMENT,94,44478686.41999992,0,44478686.41999992
TRANSFER,28,4323576.109999999,2,4323576.109999999
CASH_OUT,151,5101797.680000001,9,5101797.680000001
TRANSFER,101,6031120.510000001,6,6031120.510000001
TRANSFER,26,15014460.26,6,15014460.26
CASH_OUT,16,3083640556.9400043,5,3083640556.9400043
TRANSFER,46,491233316.99000025,7,491233316.99000025
TRANSFER,87,1313660.79,3,1313660.79
CASH_IN,6,52998161.49000001,0,52998161.49000001
TRANSFER,12,2353131975.8799996,6,2353131975.8799996
TRANSFER,113,1988499.55,3,1988499.55
CASH_OUT,112,42418.85,1,42418.85
CASH_OUT,56,10899785.38,9,10899785.38
PAYMENT,5,2644895.459999998,0,2644895.459999998
DEBIT,20,1717238.2499999998,0,1717238.2499999998
CASH_OUT,23,199875324.36999974,1,199875324.36999974
PAYMENT,143,32703015.530000035,0,32703015.530000035
CASH_IN,46,363260892.36000013,0,363260892.36000013
TRANSFER,144,167968354.50999987,5,167968354.50999987
CASH_OUT,21,834013339.7099997,3,834013339.7099997
CASH_IN,36,1530614081.4499986,0,1530614081.4499986
PAYMENT,27,90481.73999999998,0,90481.73999999998
CASH_IN,137,1236297246.0799992,0,1236297246.0799992
TRANSFER,5,7481238.01,3,7481238.01
CASH_IN,26,21161287.260000005,0,21161287.260000005
CASH_IN,34,1208102545.2300003,0,1208102545.2300003
TRANSFER,10,2943410849.149993,5,2943410849.149993
DEBIT,39,299262.6199999999,0,299262.6199999999
CASH_OUT,111,5900694.2299999995,5,5900694.2299999995
TRANSFER,86,26782782.279999994,9,26782782.279999994
CASH_OUT,80,1496311.2999999998,5,1496311.2999999998
CASH_OUT,130,2558380556.880001,3,2558380556.880001
CASH_OUT,36,3080487267.6199913,10,3080487267.6199913
PAYMENT,18,160226377.93999967,0,160226377.93999967
TRANSFER,4,25373574.19,5,25373574.19
CASH_OUT,45,834401804.9699997,8,834401804.9699997
CASH_OUT,7,204636174.52999997,6,204636174.52999997
TRANSFER,45,710527239.4099997,8,710527239.4099997
DEBIT,138,441808.4399999997,0,441808.4399999997
TRANSFER,42,1924126979.669998,7,1924126979.669998
CASH_OUT,3,4834670.579999998,2,4834670.579999998
PAYMENT,22,56327474.79999987,0,56327474.79999987
CASH_OUT,67,1177300.28,3,1177300.28
PAYMENT,2,3937091.690000003,0,3937091.690000003
TRANSFER,127,11044602.280000001,7,11044602.280000001
DEBIT,5,47601.619999999995,0,47601.619999999995
TRANSFER,102,3221499.81,6,3221499.81
CASH_OUT,141,769895653.9899999,4,769895653.9899999
CASH_IN,145,35377857.16000001,0,35377857.16000001
CASH_IN,97,34583837.15999999,0,34583837.15999999
CASH_OUT,146,17877538.650000006,5,17877538.650000006
TRANSFER,122,25222710.700000007,7,25222710.700000007
CASH_OUT,133,2769687852.200005,5,2769687852.200005
TRANSFER,98,6445709.989999999,7,6445709.989999999
CASH_IN,129,922288984.6600003,0,922288984.6600003
PAYMENT,26,970195.3900000006,0,970195.3900000006
CASH_OUT,153,1272542233.849999,5,1272542233.849999
DEBIT,137,649643.2599999997,0,649643.2599999997
TRANSFER,74,16897097.53,11,16897097.53
TRANSFER,1,124297366.57999995,7,124297366.57999995
DEBIT,23,220436.15999999997,0,220436.15999999997
TRANSFER,22,553543028.52,11,553543028.52
DEBIT,135,905507.9700000006,0,905507.9700000006
CASH_OUT,44,2064179261.2099864,4,2064179261.2099864
DEBIT,47,1234779.9599999997,0,1234779.9599999997
TRANSFER,38,1549153408.6900022,7,1549153408.6900022
DEBIT,43,1554706.029999999,0,1554706.029999999
CASH_OUT,49,14089518.309999991,2,14089518.309999991
TRANSFER,129,1839140211.1300013,3,1839140211.1300013
DEBIT,143,514543.55,0,514543.55
CASH_OUT,128,7996242.76,4,7996242.76
CASH_OUT,129,1527775525.2500007,3,1527775525.2500007
TRANSFER,152,2667510.12,3,2667510.12
TRANSFER,73,1291237.21,4,1291237.21
CASH_IN,3,21176788.56,0,21176788.56
CASH_IN,135,1177825989.629997,0,1177825989.629997
CASH_OUT,92,1877059.3800000001,5,1877059.3800000001
TRANSFER,14,2007742678.7599976,6,2007742678.7599976
TRANSFER,72,29924189.61,7,29924189.61
PAYMENT,48,28342000.680000067,0,28342000.680000067
CASH_OUT,150,7007292.22,7,7007292.22
CASH_OUT,86,26782782.279999994,9,26782782.279999994
CASH_OUT,109,4194082.9700000007,6,4194082.9700000007
CASH_OUT,134,2453662960.6499968,5,2453662960.6499968
CASH_OUT,152,2667510.12,3,2667510.12
PAYMENT,49,3127637.4299999964,0,3127637.4299999964
CASH_IN,138,1158915051.5499954,0,1158915051.5499954
CASH_OUT,38,2347358596.9699993,9,2347358596.9699993
TRANSFER,126,7427701.62,3,7427701.62
TRANSFER,11,2581932080.959997,4,2581932080.959997
DEBIT,7,387519.67,0,387519.67
CASH_IN,49,23705176.780000005,0,23705176.780000005
CASH_OUT,53,6308950.77,5,6308950.77
CASH_OUT,132,2826971871.3799963,5,2826971871.3799963
TRANSFER,29,608840.23,2,608840.23
TRANSFER,15,1995054148.2400024,9,1995054148.2400024
TRANSFER,130,2558732594.2299986,3,2558732594.2299986
CASH_IN,4,23541190.43000001,0,23541190.43000001
CASH_OUT,144,110960606.69999988,5,110960606.69999988
CASH_OUT,93,202473051.36,8,202473051.36
CASH_OUT,135,2015667541.5499997,4,2015667541.5499997
TRANSFER,64,7340663.9799999995,9,7340663.9799999995
CASH_OUT,54,1788799.1800000002,2,1788799.1800000002
CASH_OUT,26,16676090.03,6,16676090.03
DEBIT,24,311853.4699999999,0,311853.4699999999
TRANSFER,132,2141292944.6499946,5,2141292944.6499946
DEBIT,139,1041060.4599999996,0,1041060.4599999996
TRANSFER,95,391666915.58999985,7,391666915.58999985
CASH_OUT,46,494387963.0299998,7,494387963.0299998
TRANSFER,89,1078790.5599999998,3,1078790.5599999998
TRANSFER,78,5604072.449999999,5,5604072.449999999
CASH_OUT,41,2618061805.1600027,6,2618061805.1600027
CASH_IN,48,112630220.29999995,0,112630220.29999995
CASH_OUT,137,2280316782.6099963,6,2280316782.6099963
