accountId:ID,accountType,:LABEL
C2445662585,CUSTOMER,Account
M4431078106,MERCHANT,Account
C2926780541,CUSTOMER,Account
C4239406957,CUSTOMER,Account
C3980491761,CUSTOMER,Account
C6464693977,CUSTOMER,Account
C1248786714,CUSTOMER,Account
M3367665472,MERCHANT,Account
C6124453431,CUSTOMER,Account
M2962491159,MERCHANT,Account
C7760554363,CUSTOMER,Account
M4735334423,MERCHANT,Account
C7825844140,CUSTOMER,Account
C9410288290,CUSTOMER,Account
C7533932947,CUSTOMER,Account
M7628981661,MERCHANT,Account
C7099469983,CUSTOMER,Account
C5160575046,CUSTOMER,Account
M3734252963,MERCHANT,Account
C4776436931,CUSTOMER,Account
C6241752544,CUSTOMER,Account
C9908115095,CUSTOMER,Account
C2079770569,CUSTOMER,Account
C7462972995,CUSTOMER,Account
C4590711152,CUSTOMER,Account
C7803990970,CUSTOMER,Account
M7576309274,MERCHANT,Account
C2274350418,CUSTOMER,Account
C4289233844,CUSTOMER,Account
M4574027737,MERCHANT,Account
C3328710672,CUSTOMER,Account
C1939042955,CUSTOMER,Account
C5829062179,CUSTOMER,Account
C8293453178,CUSTOMER,Account
C9633533290,CUSTOMER,Account
C1667779376,CUSTOMER,Account
C7049001493,CUSTOMER,Account
M3358880404,MERCHANT,Account
C6206015111,CUSTOMER,Account
C3615507143,CUSTOMER,Account
C5667181604,CUSTOMER,Account
C7808938880,CUSTOMER,Account
M6341783555,MERCHANT,Account
C5010075517,CUSTOMER,Account
C1855256552,CUSTOMER,Account
C6884882440,CUSTOMER,Account
M7981077394,MERCHANT,Account
C8588769565,CUSTOMER,Account
C4226113732,CUSTOMER,Account
M2178884276,MERCHANT,Account
C7166868574,CUSTOMER,Account
C6065662867,CUSTOMER,Account
C4783282817,CUSTOMER,Account
C1104906255,CUSTOMER,Account
C4460967357,CUSTOMER,Account
M6369130994,MERCHANT,Account
C4713453204,CUSTOMER,Account
C3030106617,CUSTOMER,Account
C6756332150,CUSTOMER,Account
M5492496998,MERCHANT,Account
C8331319481,CUSTOMER,Account
C3693985578,CUSTOMER,Account
C4332894265,CUSTOMER,Account
C3294092753,CUSTOMER,Account
C1106456634,CUSTOMER,Account
C5972484792,CUSTOMER,Account
C9081544414,CUSTOMER,Account
C2812140441,CUSTOMER,Account
C1547374338,CUSTOMER,Account
C6928691380,CUSTOMER,Account
C3108307952,CUSTOMER,Account
C4131575764,CUSTOMER,Account
C3392080953,CUSTOMER,Account
C2465576748,CUSTOMER,Account
C5931025271,CUSTOMER,Account
C1367704871,CUSTOMER,Account
C2047905204,CUSTOMER,Account
C6923301988,CUSTOMER,Account
C4683935600,CUSTOMER,Account
C1116402431,CUSTOMER,Account
M4776677517,MERCHANT,Account
C1392245997,CUSTOMER,Account
C6317189421,CUSTOMER,Account
C3051831252,CUSTOMER,Account
C7519578899,CUSTOMER,Account
C8033702319,CUSTOMER,Account
C4026113008,CUSTOMER,Account
C2970753705,CUSTOMER,Account
M2905584866,MERCHANT,Account
C7887950851,CUSTOMER,Account
M4403845222,MERCHANT,Account
C1470939445,CUSTOMER,Account
C9080621072,CUSTOMER,Account
C2825989011,CUSTOMER,Account
C8721631198,CUSTOMER,Account
C7665963761,CUSTOMER,Account
C5515628633,CUSTOMER,Account
C3553440342,CUSTOMER,Account
C9421518487,CUSTOMER,Account
C2145921803,CUSTOMER,Account
C3836517266,CUSTOMER,Account
C5310195918,CUSTOMER,Account
C4550353803,CUSTOMER,Account
C5161807235,CUSTOMER,Account
C7517938612,CUSTOMER,Account
C1958682846,CUSTOMER,Account
C9229469952,CUSTOMER,Account
M9035194895,MERCHANT,Account
C9894847574,CUSTOMER,Account
M2388450337,MERCHANT,Account
C8300300577,CUSTOMER,Account
M5975196341,MERCHANT,Account
C1322401182,CUSTOMER,Account
M8293928340,MERCHANT,Account
M4264134512,MERCHANT,Account
C8995970241,CUSTOMER,Account
C7597996327,CUSTOMER,Account
C5284391408,CUSTOMER,Account
C1795212538,CUSTOMER,Account
C2227193073,CUSTOMER,Account
C4645120421,CUSTOMER,Account
C5837082260,CUSTOMER,Account
C2948728483,CUSTOMER,Account
C6805759868,CUSTOMER,Account
M3362646960,MERCHANT,Account
C5759234471,CUSTOMER,Account
C7292076361,CUSTOMER,Account
C8868054898,CUSTOMER,Account
C3781569954,CUSTOMER,Account
C7539399243,CUSTOMER,Account
C4853479481,CUSTOMER,Account
C2982979741,CUSTOMER,Account
M6554972315,MERCHANT,Account
C3303082117,CUSTOMER,Account
M5482431018,MERCHANT,Account
C3196545325,CUSTOMER,Account
C6923206003,CUSTOMER,Account
C6649827836,CUSTOMER,Account
C4643576871,CUSTOMER,Account
C5067116918,CUSTOMER,Account
M3075362821,MERCHANT,Account
C2591589823,CUSTOMER,Account
C4095476665,CUSTOMER,Account
C9963334018,CUSTOMER,Account
C2960488639,CUSTOMER,Account
C6756711494,CUSTOMER,Account
C5996775663,CUSTOMER,Account
C5306459450,CUSTOMER,Account
C9292791081,CUSTOMER,Account
C3875303857,CUSTOMER,Account
C1977515194,CUSTOMER,Account
C6231117883,CUSTOMER,Account
C2250949136,CUSTOMER,Account
M3791027186,MERCHANT,Account
C2452066459,CUSTOMER,Account
C1674555072,CUSTOMER,Account
C8235363119,CUSTOMER,Account
C7792729530,CUSTOMER,Account
C8313706299,CUSTOMER,Account
C5748253283,CUSTOMER,Account
C4070964768,CUSTOMER,Account
C3746317213,CUSTOMER,Account
C9807209816,CUSTOMER,Account
C7393195616,CUSTOMER,Account
M6313758032,MERCHANT,Account
C6491309593,CUSTOMER,Account
C4642197907,CUSTOMER,Account
M7829772942,MERCHANT,Account
C3849232839,CUSTOMER,Account
M5243939720,MERCHANT,Account
C9922723063,CUSTOMER,Account
M9354542654,MERCHANT,Account
C9697354961,CUSTOMER,Account
C8093179263,CUSTOMER,Account
C8261111839,CUSTOMER,Account
C4518871744,CUSTOMER,Account
M7961674558,MERCHANT,Account
C5710360983,CUSTOMER,Account
C9155819200,CUSTOMER,Account
C2320763135,CUSTOMER,Account
M1614685938,MERCHANT,Account
C6447717367,CUSTOMER,Account
M8275679594,MERCHANT,Account
C6461974809,CUSTOMER,Account
C6272000062,CUSTOMER,Account
C4888749350,CUSTOMER,Account
M7763765757,MERCHANT,Account
C2304963614,CUSTOMER,Account
C8531118333,CUSTOMER,Account
C9285415473,CUSTOMER,Account
C8987073217,CUSTOMER,Account
C3316787198,CUSTOMER,Account
C6458544482,CUSTOMER,Account
M7475684019,MERCHANT,Account
C3597724331,CUSTOMER,Account
M2268006448,MERCHANT,Account
C6789448659,CUSTOMER,Account
M5283911723,MERCHANT,Account
C9904586976,CUSTOMER,Account
C9526836552,CUSTOMER,Account
C9623534576,CUSTOMER,Account
M6645808194,MERCHANT,Account
C9677466102,CUSTOMER,Account
C9639245200,CUSTOMER,Account
C1127978094,CUSTOMER,Account
M6777263354,MERCHANT,Account
C6128695961,CUSTOMER,Account
C6242173772,CUSTOMER,Account
C4178659381,CUSTOMER,Account
C1251837136,CUSTOMER,Account
C6687206971,CUSTOMER,Account
M8925520026,MERCHANT,Account
C6237376063,CUSTOMER,Account
M4419410162,MERCHANT,Account
C4965395580,CUSTOMER,Account
C7625464411,CUSTOMER,Account
C8055556030,CUSTOMER,Account
C3880327491,CUSTOMER,Account
M8274273035,MERCHANT,Account
C6488854841,CUSTOMER,Account
C9786748825,CUSTOMER,Account
C1083651970,CUSTOMER,Account
C9462806178,CUSTOMER,Account
C5774080233,CUSTOMER,Account
C2075321966,CUSTOMER,Account
C9703905715,CUSTOMER,Account
C7333678472,CUSTOMER,Account
C9303285822,CUSTOMER,Account
C3878201524,CUSTOMER,Account
C2825957977,CUSTOMER,Account
C6204041308,CUSTOMER,Account
C9894264595,CUSTOMER,Account
M8270110908,MERCHANT,Account
C7852415525,CUSTOMER,Account
C2137651678,CUSTOMER,Account
C8949781901,CUSTOMER,Account
C3363629219,CUSTOMER,Account
C1306702926,CUSTOMER,Account
C9935429720,CUSTOMER,Account
M7608153267,MERCHANT,Account
C3691864041,CUSTOMER,Account
M1662976399,MERCHANT,Account
C8299146480,CUSTOMER,Account
C8826851692,CUSTOMER,Account
C1676168421,CUSTOMER,Account
M7818568548,MERCHANT,Account
M4921003983,MERCHANT,Account
C8763140509,CUSTOMER,Account
C5078551333,CUSTOMER,Account
C7648059419,CUSTOMER,Account
C7311011808,CUSTOMER,Account
C1245522987,CUSTOMER,Account
C9333798503,CUSTOMER,Account
C5268845844,CUSTOMER,Account
C2094024844,CUSTOMER,Account
C2950049698,CUSTOMER,Account
C4658080160,CUSTOMER,Account
C8982597239,CUSTOMER,Account
C1798112150,CUSTOMER,Account
M1158998032,MERCHANT,Account
C5278201677,CUSTOMER,Account
C2351531223,CUSTOMER,Account
C8110054933,CUSTOMER,Account
C9438411468,CUSTOMER,Account
C1311570307,CUSTOMER,Account
C7374584386,CUSTOMER,Account
C4882343658,CUSTOMER,Account
M5933179746,MERCHANT,Account
M8372755146,MERCHANT,Account
C5871743247,CUSTOMER,Account
C3783290795,CUSTOMER,Account
M7666869046,MERCHANT,Account
C6288227800,CUSTOMER,Account
C7271954644,CUSTOMER,Account
C5184564874,CUSTOMER,Account
C6122110529,CUSTOMER,Account
C4696689457,CUSTOMER,Account
M8779941999,MERCHANT,Account
C4311931853,CUSTOMER,Account
C7010379415,CUSTOMER,Account
M1678500147,MERCHANT,Account
C6715705115,CUSTOMER,Account
C3792347639,CUSTOMER,Account
C7371573279,CUSTOMER,Account
C5659161352,CUSTOMER,Account
C1955345537,CUSTOMER,Account
C5083595988,CUSTOMER,Account
C6534540349,CUSTOMER,Account
C3987248494,CUSTOMER,Account
C5296710795,CUSTOMER,Account
C9123612497,CUSTOMER,Account
C2181241943,CUSTOMER,Account
C7045593274,CUSTOMER,Account
M5212581851,MERCHANT,Account
C4248149900,CUSTOMER,Account
C4919706735,CUSTOMER,Account
C1519709079,CUSTOMER,Account
C9592390865,CUSTOMER,Account
C6305160342,CUSTOMER,Account
C4163119785,CUSTOMER,Account
C7415801613,CUSTOMER,Account
M2953462417,MERCHANT,Account
C8252816758,CUSTOMER,Account
C7575259637,CUSTOMER,Account
C8612747444,CUSTOMER,Account
C1654477195,CUSTOMER,Account
C4405620755,CUSTOMER,Account
C5071897791,CUSTOMER,Account
M9929101065,MERCHANT,Account
C8943866829,CUSTOMER,Account
C3660223333,CUSTOMER,Account
M9250327663,MERCHANT,Account
C5693307665,CUSTOMER,Account
M8122042835,MERCHANT,Account
C5510938155,CUSTOMER,Account
M9744120054,MERCHANT,Account
C4256292393,CUSTOMER,Account
C6704841644,CUSTOMER,Account
C8578226896,CUSTOMER,Account
C5736462531,CUSTOMER,Account
C3694860228,CUSTOMER,Account
C1664847319,CUSTOMER,Account
M7750819485,MERCHANT,Account
C4877520294,CUSTOMER,Account
C2867302554,CUSTOMER,Account
C5418232833,CUSTOMER,Account
C7635473142,CUSTOMER,Account
C2625792787,CUSTOMER,Account
C8370987661,CUSTOMER,Account
C3555656321,CUSTOMER,Account
M4102872611,MERCHANT,Account
C9309500117,CUSTOMER,Account
M8543865915,MERCHANT,Account
C5951406973,CUSTOMER,Account
C8285786023,CUSTOMER,Account
C2139027119,CUSTOMER,Account
C5570828113,CUSTOMER,Account
C9916336966,CUSTOMER,Account
C9196564761,CUSTOMER,Account
C3476426797,CUSTOMER,Account
C8879525611,CUSTOMER,Account
C2178158203,CUSTOMER,Account
C1230249217,CUSTOMER,Account
M3365835550,MERCHANT,Account
C3710566582,CUSTOMER,Account
C3376077463,CUSTOMER,Account
C7418301077,CUSTOMER,Account
C8086172302,CUSTOMER,Account
C7403028869,CUSTOMER,Account
M8880079328,MERCHANT,Account
M3995732958,MERCHANT,Account
C2232285036,CUSTOMER,Account
C4530959836,CUSTOMER,Account
M1625217504,MERCHANT,Account
C8316648259,CUSTOMER,Account
M4207337120,MERCHANT,Account
C3343292475,CUSTOMER,Account
C2566942273,CUSTOMER,Account
M7751356568,MERCHANT,Account
C6711463258,CUSTOMER,Account
C9986353481,CUSTOMER,Account
C4993808565,CUSTOMER,Account
C6922713963,CUSTOMER,Account
C3952295757,CUSTOMER,Account
C8664882079,CUSTOMER,Account
C2188332531,CUSTOMER,Account
C6726515966,CUSTOMER,Account
C1546696950,CUSTOMER,Account
C3338877621,CUSTOMER,Account
C8429141456,CUSTOMER,Account
C6698759353,CUSTOMER,Account
C7540301973,CUSTOMER,Account
C8934927891,CUSTOMER,Account
M8493451569,MERCHANT,Account
C1594312071,CUSTOMER,Account
M1400330495,MERCHANT,Account
M3776011793,MERCHANT,Account
C4274958945,CUSTOMER,Account
C2125089309,CUSTOMER,Account
C7186766399,CUSTOMER,Account
C3361388464,CUSTOMER,Account
C9691572571,CUSTOMER,Account
M9279291478,MERCHANT,Account
C3971203213,CUSTOMER,Account
C9597198563,CUSTOMER,Account
C7114223633,CUSTOMER,Account
C2870403050,CUSTOMER,Account
M8556573246,MERCHANT,Account
C6642201119,CUSTOMER,Account
M6904897514,MERCHANT,Account
C8047877267,CUSTOMER,Account
C2503068227,CUSTOMER,Account
C4748302739,CUSTOMER,Account
M9505085936,MERCHANT,Account
C7380780055,CUSTOMER,Account
C8478529823,CUSTOMER,Account
C9547119184,CUSTOMER,Account
C7161404428,CUSTOMER,Account
C4700855390,CUSTOMER,Account
M8750840032,MERCHANT,Account
C9957813353,CUSTOMER,Account
M8625905455,MERCHANT,Account
C2627677155,CUSTOMER,Account
C5694628398,CUSTOMER,Account
C2811967841,CUSTOMER,Account
C9650701349,CUSTOMER,Account
C4712367625,CUSTOMER,Account
C7196439534,CUSTOMER,Account
M8953271391,MERCHANT,Account
C1422701550,CUSTOMER,Account
M4880176825,MERCHANT,Account
C3667292043,CUSTOMER,Account
C2699887270,CUSTOMER,Account
C6493800024,CUSTOMER,Account
M4747699292,MERCHANT,Account
C2067970820,CUSTOMER,Account
C2149938334,CUSTOMER,Account
M2891100776,MERCHANT,Account
C3319936135,CUSTOMER,Account
C7845366946,CUSTOMER,Account
M2774884818,MERCHANT,Account
C1817804383,CUSTOMER,Account
C6882074066,CUSTOMER,Account
C4131356954,CUSTOMER,Account
C7805745017,CUSTOMER,Account
C7671625956,CUSTOMER,Account
C5686850445,CUSTOMER,Account
M7625389037,MERCHANT,Account
C8387664437,CUSTOMER,Account
C3799264931,CUSTOMER,Account
M6469318275,MERCHANT,Account
C4633987776,CUSTOMER,Account
C6859286614,CUSTOMER,Account
C3479708607,CUSTOMER,Account
C4361393222,CUSTOMER,Account
M4710967433,MERCHANT,Account
C7567496105,CUSTOMER,Account
C5033992825,CUSTOMER,Account
C5728765136,CUSTOMER,Account
C6618926823,CUSTOMER,Account
C1041531046,CUSTOMER,Account
M7077131430,MERCHANT,Account
C4034047118,CUSTOMER,Account
M6329323383,MERCHANT,Account
C6246716604,CUSTOMER,Account
C6075963527,CUSTOMER,Account
C4466589567,CUSTOMER,Account
C4482141802,CUSTOMER,Account
C5567816720,CUSTOMER,Account
C8507497883,CUSTOMER,Account
C2140169349,CUSTOMER,Account
C8106906538,CUSTOMER,Account
M4524233168,MERCHANT,Account
M1730074215,MERCHANT,Account
C9343730920,CUSTOMER,Account
C1983297492,CUSTOMER,Account
M9165632300,MERCHANT,Account
M4600630513,MERCHANT,Account
C9805620900,CUSTOMER,Account
C6633778586,CUSTOMER,Account
C8339176912,CUSTOMER,Account
C9263135031,CUSTOMER,Account
C7015992643,CUSTOMER,Account
M9457665185,MERCHANT,Account
C6009268066,CUSTOMER,Account
C6201313620,CUSTOMER,Account
C8184602688,CUSTOMER,Account
C8854238082,CUSTOMER,Account
M6169243284,MERCHANT,Account
C2785736751,CUSTOMER,Account
M3698305085,MERCHANT,Account
C6924716023,CUSTOMER,Account
M6385791669,MERCHANT,Account
C9673185158,CUSTOMER,Account
C8377088167,CUSTOMER,Account
C6583444930,CUSTOMER,Account
C7483366056,CUSTOMER,Account
M2513206988,MERCHANT,Account
C7146318035,CUSTOMER,Account
C6320115677,CUSTOMER,Account
C8380507338,CUSTOMER,Account
C4037867512,CUSTOMER,Account
C6474354351,CUSTOMER,Account
C4482238042,CUSTOMER,Account
C6587537178,CUSTOMER,Account
C1965067727,CUSTOMER,Account
M2647489402,MERCHANT,Account
C7249213370,CUSTOMER,Account
M1293864877,MERCHANT,Account
C8737025391,CUSTOMER,Account
C6289150149,CUSTOMER,Account
M1521521078,MERCHANT,Account
C5646751885,CUSTOMER,Account
C1945826486,CUSTOMER,Account
C4745927824,CUSTOMER,Account
C5419627962,CUSTOMER,Account
C5607762160,CUSTOMER,Account
C2439622619,CUSTOMER,Account
C8168204967,CUSTOMER,Account
