txnId:ID,step:int,type,amount:float,isFraud:int,:LABEL
TXN000001,1,CASH_OUT,66574.49,0,Transaction
TXN000002,1,TRANSFER,438353.84,0,Transaction
TXN000003,1,TRANSFER,373533.12,1,Transaction
TXN000004,1,CASH_OUT,430210.16,0,Transaction
TXN000005,1,CASH_OUT,7945.41,0,Transaction
TXN000006,1,CASH_OUT,411386.23,1,Transaction
TXN000007,1,TRANSFER,164675.13,0,Transaction
TXN000008,1,CASH_OUT,324970.48,1,Transaction
TXN000009,2,TRANSFER,443742.39,0,Transaction
TXN000010,2,CASH_OUT,363572.98,0,Transaction
TXN000011,2,CASH_OUT,109417.57,0,Transaction
TXN000012,2,TRANSFER,179978.25,0,Transaction
TXN000013,2,TRANSFER,321210.53,1,Transaction
TXN000014,2,CASH_OUT,103397.58,0,Transaction
TXN000015,3,TRANSFER,394533.23,0,Transaction
TXN000016,3,CASH_OUT,55853.25,0,Transaction
TXN000017,3,TRANSFER,87948.85,0,Transaction
TXN000018,3,TRANSFER,389230.5,1,Transaction
TXN000019,3,TRANSFER,151513.53,0,Transaction
TXN000020,3,CASH_OUT,245644.16,1,Transaction
TXN000021,3,TRANSFER,138232.98,0,Transaction
TXN000022,3,TRANSFER,253269.99,0,Transaction
TXN000023,3,CASH_OUT,215604.9,0,Transaction
TXN000024,3,TRANSFER,156949.26,0,Transaction
TXN000025,4,CASH_OUT,47521.82,0,Transaction
TXN000026,4,CASH_OUT,281280.01,0,Transaction
TXN000027,4,CASH_OUT,26671.59,0,Transaction
TXN000028,4,TRANSFER,241612.51,0,Transaction
TXN000029,4,TRANSFER,422732.43,0,Transaction
TXN000030,4,CASH_OUT,414900.93,0,Transaction
TXN000031,4,TRANSFER,435061.49,0,Transaction
TXN000032,4,CASH_OUT,108351.31,0,Transaction
TXN000033,4,TRANSFER,298515.66,0,Transaction
TXN000034,4,TRANSFER,212583.37,0,Transaction
TXN000035,4,TRANSFER,339430.73,0,Transaction
TXN000036,5,TRANSFER,151408.26,0,Transaction
TXN000037,5,TRANSFER,373760.05,0,Transaction
TXN000038,5,TRANSFER,199138.52,0,Transaction
TXN000039,5,TRANSFER,215212.86,0,Transaction
TXN000040,5,TRANSFER,230588.35,0,Transaction
TXN000041,5,TRANSFER,40244.9,0,Transaction
TXN000042,5,TRANSFER,316979.11,0,Transaction
TXN000043,6,CASH_OUT,52299.46,0,Transaction
TXN000044,6,TRANSFER,475694.78,0,Transaction
TXN000045,6,CASH_OUT,321852.92,0,Transaction
TXN000046,6,TRANSFER,316061.17,0,Transaction
TXN000047,6,TRANSFER,185000.06,0,Transaction
TXN000048,6,CASH_OUT,192856.76,0,Transaction
TXN000049,6,CASH_OUT,326266.89,0,Transaction
TXN000050,6,TRANSFER,491210.4,0,Transaction
TXN000051,7,TRANSFER,80214.36,0,Transaction
TXN000052,7,TRANSFER,394824.24,1,Transaction
TXN000053,7,TRANSFER,362143.09,0,Transaction
TXN000054,7,TRANSFER,155805.64,0,Transaction
TXN000055,7,TRANSFER,279902.11,0,Transaction
TXN000056,7,CASH_OUT,47633.03,0,Transaction
TXN000057,7,TRANSFER,171524.44,0,Transaction
TXN000058,7,CASH_OUT,254337.17,0,Transaction
TXN000059,7,CASH_OUT,188983.22,0,Transaction
TXN000060,7,CASH_OUT,206018.45,0,Transaction
TXN000061,7,TRANSFER,267471.56,0,Transaction
TXN000062,8,TRANSFER,231378.31,0,Transaction
TXN000063,8,CASH_OUT,436627.96,0,Transaction
TXN000064,8,CASH_OUT,143246.44,0,Transaction
TXN000065,8,CASH_OUT,473260.22,0,Transaction
TXN000066,8,TRANSFER,118653.26,0,Transaction
TXN000067,8,TRANSFER,168309.89,0,Transaction
TXN000068,8,CASH_OUT,379661.74,0,Transaction
TXN000069,8,TRANSFER,470172.75,0,Transaction
TXN000070,8,TRANSFER,319836.91,1,Transaction
TXN000071,8,CASH_OUT,316345.52,0,Transaction
TXN000072,8,TRANSFER,94469.64,0,Transaction
TXN000073,8,TRANSFER,277521.82,0,Transaction
TXN000074,9,TRANSFER,173056.44,0,Transaction
TXN000075,9,CASH_OUT,23123.51,0,Transaction
TXN000076,9,TRANSFER,239787.05,1,Transaction
TXN000077,9,CASH_OUT,22859.33,0,Transaction
TXN000078,9,CASH_OUT,237226.48,0,Transaction
TXN000079,9,CASH_OUT,137335.09,0,Transaction
TXN000080,9,TRANSFER,170179.28,0,Transaction
TXN000081,9,TRANSFER,363813.58,0,Transaction
TXN000082,10,TRANSFER,148524.33,0,Transaction
TXN000083,10,TRANSFER,363680.38,0,Transaction
TXN000084,10,CASH_OUT,182292.25,0,Transaction
TXN000085,10,CASH_OUT,390874.67,1,Transaction
TXN000086,10,CASH_OUT,17160.28,0,Transaction
TXN000087,10,TRANSFER,69709.86,0,Transaction
TXN000088,10,TRANSFER,250022.94,0,Transaction
TXN000089,10,TRANSFER,143502.86,0,Transaction
TXN000090,10,TRANSFER,223110.49,0,Transaction
TXN000091,10,TRANSFER,271543.51,0,Transaction
TXN000092,11,CASH_OUT,492581.14,0,Transaction
TXN000093,11,TRANSFER,65755.84,0,Transaction
TXN000094,11,TRANSFER,205986.77,0,Transaction
TXN000095,11,TRANSFER,259162.65,0,Transaction
TXN000096,11,CASH_OUT,251929.03,0,Transaction
TXN000097,11,TRANSFER,113509.67,0,Transaction
TXN000098,11,TRANSFER,478219.46,0,Transaction
TXN000099,11,TRANSFER,77942.94,0,Transaction
TXN000100,11,CASH_OUT,41530.2,0,Transaction
TXN000101,11,TRANSFER,309436.1,0,Transaction
TXN000102,11,CASH_OUT,203640.17,0,Transaction
TXN000103,12,TRANSFER,156978.67,0,Transaction
TXN000104,12,CASH_OUT,257975.09,0,Transaction
TXN000105,12,TRANSFER,472747.06,0,Transaction
TXN000106,12,CASH_OUT,157044.75,0,Transaction
TXN000107,12,TRANSFER,12564.97,0,Transaction
TXN000108,12,CASH_OUT,26219.66,0,Transaction
TXN000109,12,CASH_OUT,423739.01,0,Transaction
TXN000110,12,CASH_OUT,285570.54,0,Transaction
TXN000111,12,TRANSFER,340518.92,0,Transaction
TXN000112,13,CASH_OUT,72989.41,0,Transaction
TXN000113,13,TRANSFER,402178.96,1,Transaction
TXN000114,13,CASH_OUT,159946.49,0,Transaction
TXN000115,13,CASH_OUT,266637.58,0,Transaction
TXN000116,13,TRANSFER,292267.37,0,Transaction
TXN000117,13,TRANSFER,391669.09,0,Transaction
TXN000118,13,CASH_OUT,310248.17,1,Transaction
TXN000119,13,CASH_OUT,55837.87,0,Transaction
TXN000120,13,TRANSFER,387711.18,0,Transaction
TXN000121,13,TRANSFER,163199.72,0,Transaction
TXN000122,13,TRANSFER,171821.18,0,Transaction
TXN000123,13,CASH_OUT,305428.21,0,Transaction
TXN000124,14,CASH_OUT,104431.62,0,Transaction
TXN000125,14,TRANSFER,287164.93,0,Transaction
TXN000126,14,TRANSFER,21991.18,0,Transaction
TXN000127,14,CASH_OUT,107779.42,0,Transaction
TXN000128,14,CASH_OUT,370704.6,1,Transaction
TXN000129,14,CASH_OUT,50998.78,0,Transaction
TXN000130,14,CASH_OUT,488977.45,0,Transaction
TXN000131,15,TRANSFER,161262.68,0,Transaction
TXN000132,15,TRANSFER,361835.72,0,Transaction
TXN000133,15,CASH_OUT,498588.73,0,Transaction
TXN000134,15,CASH_OUT,149897.71,0,Transaction
TXN000135,15,TRANSFER,262634.95,1,Transaction
TXN000136,15,TRANSFER,166011.36,0,Transaction
TXN000137,15,CASH_OUT,284322.83,0,Transaction
TXN000138,15,CASH_OUT,201015.79,0,Transaction
TXN000139,15,CASH_OUT,223921.03,0,Transaction
TXN000140,16,TRANSFER,32000.04,0,Transaction
TXN000141,16,TRANSFER,385150.68,0,Transaction
TXN000142,16,TRANSFER,239612.77,0,Transaction
TXN000143,16,CASH_OUT,412976.15,0,Transaction
TXN000144,16,CASH_OUT,181530.65,0,Transaction
TXN000145,16,CASH_OUT,75776.34,0,Transaction
TXN000146,16,TRANSFER,46379.88,0,Transaction
TXN000147,16,TRANSFER,29810.65,0,Transaction
TXN000148,16,CASH_OUT,373156.44,1,Transaction
TXN000149,16,TRANSFER,467356.82,0,Transaction
TXN000150,17,TRANSFER,323294.53,0,Transaction
TXN000151,17,CASH_OUT,482108.04,1,Transaction
TXN000152,17,CASH_OUT,197136.26,0,Transaction
TXN000153,17,CASH_OUT,232038.95,0,Transaction
TXN000154,17,TRANSFER,95051.75,0,Transaction
TXN000155,17,TRANSFER,468182.73,0,Transaction
TXN000156,17,CASH_OUT,436234.0,1,Transaction
TXN000157,17,TRANSFER,29165.57,0,Transaction
TXN000158,17,CASH_OUT,299360.92,0,Transaction
TXN000159,18,CASH_OUT,138301.81,0,Transaction
TXN000160,18,CASH_OUT,278369.48,0,Transaction
TXN000161,18,TRANSFER,204721.33,0,Transaction
TXN000162,18,TRANSFER,73031.52,0,Transaction
TXN000163,18,TRANSFER,194821.11,0,Transaction
TXN000164,18,TRANSFER,268282.13,1,Transaction
TXN000165,18,TRANSFER,94893.48,0,Transaction
TXN000166,19,TRANSFER,152290.82,0,Transaction
TXN000167,19,TRANSFER,239981.52,0,Transaction
TXN000168,19,CASH_OUT,190950.21,0,Transaction
TXN000169,19,TRANSFER,50205.51,0,Transaction
TXN000170,19,CASH_OUT,23812.01,0,Transaction
TXN000171,19,TRANSFER,360285.96,0,Transaction
TXN000172,19,CASH_OUT,471788.81,0,Transaction
TXN000173,19,CASH_OUT,366653.35,1,Transaction
TXN000174,19,TRANSFER,495171.45,0,Transaction
TXN000175,19,TRANSFER,206783.72,0,Transaction
TXN000176,20,TRANSFER,319226.57,0,Transaction
TXN000177,20,TRANSFER,9346.35,0,Transaction
TXN000178,20,TRANSFER,215856.03,0,Transaction
TXN000179,20,TRANSFER,126956.68,0,Transaction
TXN000180,20,TRANSFER,495126.28,0,Transaction
TXN000181,20,CASH_OUT,203233.87,0,Transaction
TXN000182,21,TRANSFER,392403.78,0,Transaction
TXN000183,21,TRANSFER,443889.6,1,Transaction
TXN000184,21,TRANSFER,329396.51,0,Transaction
TXN000185,21,TRANSFER,410630.29,0,Transaction
TXN000186,21,CASH_OUT,166533.19,0,Transaction
TXN000187,21,CASH_OUT,27794.52,0,Transaction
TXN000188,21,TRANSFER,198954.82,0,Transaction
TXN000189,21,TRANSFER,276965.82,0,Transaction
TXN000190,21,TRANSFER,356841.16,0,Transaction
TXN000191,21,CASH_OUT,54168.91,0,Transaction
TXN000192,21,TRANSFER,94508.5,0,Transaction
TXN000193,22,TRANSFER,298865.35,0,Transaction
TXN000194,22,TRANSFER,452698.58,0,Transaction
TXN000195,22,TRANSFER,247068.85,0,Transaction
TXN000196,22,TRANSFER,360728.83,0,Transaction
TXN000197,22,TRANSFER,420965.08,0,Transaction
TXN000198,22,TRANSFER,150917.21,0,Transaction
TXN000199,22,TRANSFER,146432.63,0,Transaction
TXN000200,22,CASH_OUT,408430.76,1,Transaction
TXN000201,22,CASH_OUT,341174.6,0,Transaction
TXN000202,23,TRANSFER,409663.82,0,Transaction
TXN000203,23,CASH_OUT,357902.96,1,Transaction
TXN000204,23,CASH_OUT,253799.71,0,Transaction
TXN000205,23,CASH_OUT,297316.15,1,Transaction
TXN000206,23,TRANSFER,306726.27,0,Transaction
TXN000207,23,CASH_OUT,53866.33,0,Transaction
TXN000208,23,CASH_OUT,111294.84,0,Transaction
TXN000209,23,CASH_OUT,498853.66,0,Transaction
TXN000210,23,TRANSFER,172190.27,0,Transaction
TXN000211,23,TRANSFER,226771.15,1,Transaction
TXN000212,23,CASH_OUT,55571.98,0,Transaction
TXN000213,24,TRANSFER,280364.63,0,Transaction
TXN000214,24,TRANSFER,15566.94,0,Transaction
TXN000215,24,CASH_OUT,103686.46,0,Transaction
TXN000216,24,TRANSFER,94292.96,0,Transaction
TXN000217,24,TRANSFER,157388.65,0,Transaction
TXN000218,24,TRANSFER,87091.23,0,Transaction
TXN000219,24,CASH_OUT,157279.69,0,Transaction
TXN000220,24,TRANSFER,298616.48,0,Transaction
TXN000221,24,TRANSFER,277901.38,1,Transaction
TXN000222,24,TRANSFER,475969.13,0,Transaction
TXN000223,24,CASH_OUT,246371.21,0,Transaction
TXN000224,25,TRANSFER,138151.61,0,Transaction
TXN000225,25,TRANSFER,275313.37,1,Transaction
TXN000226,25,CASH_OUT,21763.65,0,Transaction
TXN000227,25,CASH_OUT,375921.4,0,Transaction
TXN000228,25,TRANSFER,388040.19,0,Transaction
TXN000229,25,TRANSFER,83824.83,0,Transaction
TXN000230,25,TRANSFER,141261.42,0,Transaction
TXN000231,25,CASH_OUT,492758.66,1,Transaction
TXN000232,25,CASH_OUT,433656.75,0,Transaction
TXN000233,25,CASH_OUT,196957.67,0,Transaction
TXN000234,26,TRANSFER,202022.54,0,Transaction
TXN000235,26,TRANSFER,434584.97,1,Transaction
TXN000236,26,CASH_OUT,425203.01,0,Transaction
TXN000237,26,CASH_OUT,169539.82,0,Transaction
TXN000238,26,TRANSFER,25156.22,0,Transaction
TXN000239,26,TRANSFER,221201.69,0,Transaction
TXN000240,26,CASH_OUT,80329.75,0,Transaction
TXN000241,26,CASH_OUT,451996.33,0,Transaction
TXN000242,26,CASH_OUT,352145.32,0,Transaction
TXN000243,26,TRANSFER,348102.96,0,Transaction
TXN000244,26,TRANSFER,365650.93,0,Transaction
TXN000245,27,TRANSFER,496477.14,0,Transaction
TXN000246,27,CASH_OUT,314411.94,0,Transaction
TXN000247,27,CASH_OUT,376470.38,0,Transaction
TXN000248,27,TRANSFER,43040.11,0,Transaction
TXN000249,27,CASH_OUT,424098.16,0,Transaction
TXN000250,27,TRANSFER,28230.0,0,Transaction
TXN000251,27,TRANSFER,297370.95,0,Transaction
TXN000252,28,TRANSFER,341788.08,0,Transaction
TXN000253,28,TRANSFER,20873.6,0,Transaction
TXN000254,28,TRANSFER,208300.57,1,Transaction
TXN000255,28,TRANSFER,155643.54,0,Transaction
TXN000256,28,CASH_OUT,317512.83,0,Transaction
TXN000257,28,CASH_OUT,29895.07,0,Transaction
TXN000258,28,TRANSFER,60602.06,0,Transaction
TXN000259,28,TRANSFER,130364.23,0,Transaction
TXN000260,29,TRANSFER,168170.5,0,Transaction
TXN000261,29,TRANSFER,228143.69,0,Transaction
TXN000262,29,TRANSFER,337386.1,0,Transaction
TXN000263,29,CASH_OUT,182624.27,0,Transaction
TXN000264,29,CASH_OUT,370592.25,0,Transaction
TXN000265,29,CASH_OUT,187031.28,0,Transaction
TXN000266,29,TRANSFER,35394.29,0,Transaction
TXN000267,29,CASH_OUT,4976.62,0,Transaction
TXN000268,29,TRANSFER,296253.78,0,Transaction
TXN000269,29,CASH_OUT,4182.56,0,Transaction
TXN000270,29,TRANSFER,1729.56,0,Transaction
TXN000271,29,CASH_OUT,210488.11,0,Transaction
TXN000272,30,TRANSFER,207115.34,0,Transaction
TXN000273,30,CASH_OUT,38340.41,0,Transaction
TXN000274,30,CASH_OUT,463094.93,0,Transaction
TXN000275,30,TRANSFER,68919.81,0,Transaction
TXN000276,30,TRANSFER,61247.63,0,Transaction
TXN000277,30,TRANSFER,46120.02,0,Transaction
TXN000278,30,CASH_OUT,75013.57,0,Transaction
TXN000279,30,TRANSFER,410224.72,0,Transaction
TXN000280,31,CASH_OUT,402144.48,1,Transaction
TXN000281,31,CASH_OUT,186747.63,0,Transaction
TXN000282,31,CASH_OUT,11878.29,0,Transaction
TXN000283,31,TRANSFER,62141.3,0,Transaction
TXN000284,31,CASH_OUT,248567.07,0,Transaction
TXN000285,31,CASH_OUT,18290.07,0,Transaction
TXN000286,31,TRANSFER,31428.56,0,Transaction
TXN000287,31,TRANSFER,397628.28,0,Transaction
TXN000288,31,TRANSFER,251694.23,0,Transaction
TXN000289,31,TRANSFER,265186.71,0,Transaction
TXN000290,32,TRANSFER,28898.42,0,Transaction
TXN000291,32,CASH_OUT,88874.08,0,Transaction
TXN000292,32,CASH_OUT,473831.81,0,Transaction
TXN000293,32,CASH_OUT,245727.77,0,Transaction
TXN000294,32,TRANSFER,101530.73,0,Transaction
TXN000295,32,CASH_OUT,293717.98,0,Transaction
TXN000296,33,TRANSFER,198402.19,0,Transaction
TXN000297,33,TRANSFER,396129.42,0,Transaction
TXN000298,33,CASH_OUT,393708.9,0,Transaction
TXN000299,33,TRANSFER,364686.65,0,Transaction
TXN000300,33,CASH_OUT,159790.24,0,Transaction
TXN000301,33,CASH_OUT,166253.04,0,Transaction
TXN000302,33,TRANSFER,411009.24,0,Transaction
TXN000303,33,TRANSFER,175890.1,0,Transaction
TXN000304,33,TRANSFER,442391.45,0,Transaction
TXN000305,33,TRANSFER,325833.81,0,Transaction
TXN000306,33,CASH_OUT,475879.4,0,Transaction
TXN000307,33,CASH_OUT,169637.34,0,Transaction
TXN000308,34,TRANSFER,79394.78,0,Transaction
TXN000309,34,TRANSFER,270522.59,0,Transaction
TXN000310,34,TRANSFER,28197.92,0,Transaction
TXN000311,34,CASH_OUT,49396.46,0,Transaction
TXN000312,34,CASH_OUT,392653.41,0,Transaction
TXN000313,34,CASH_OUT,185331.43,0,Transaction
TXN000314,34,TRANSFER,31758.05,0,Transaction
TXN000315,34,TRANSFER,485382.06,0,Transaction
TXN000316,34,CASH_OUT,433580.11,0,Transaction
TXN000317,34,TRANSFER,450327.08,0,Transaction
TXN000318,34,TRANSFER,486110.27,1,Transaction
TXN000319,35,TRANSFER,74791.25,0,Transaction
TXN000320,35,CASH_OUT,199280.14,0,Transaction
TXN000321,35,TRANSFER,294200.47,1,Transaction
TXN000322,35,TRANSFER,482451.0,1,Transaction
TXN000323,35,CASH_OUT,439068.89,0,Transaction
TXN000324,35,TRANSFER,309504.0,0,Transaction
TXN000325,35,CASH_OUT,238133.88,0,Transaction
TXN000326,35,CASH_OUT,429259.16,0,Transaction
TXN000327,35,TRANSFER,135440.57,0,Transaction
TXN000328,36,TRANSFER,258734.21,1,Transaction
TXN000329,36,CASH_OUT,202289.19,0,Transaction
TXN000330,36,TRANSFER,17502.45,0,Transaction
TXN000331,36,TRANSFER,199074.2,0,Transaction
TXN000332,36,TRANSFER,480299.67,0,Transaction
TXN000333,36,CASH_OUT,46105.57,0,Transaction
TXN000334,36,CASH_OUT,324042.57,0,Transaction
TXN000335,37,CASH_OUT,455846.2,0,Transaction
TXN000336,37,TRANSFER,321727.42,0,Transaction
TXN000337,37,TRANSFER,412331.1,1,Transaction
TXN000338,37,TRANSFER,281167.1,0,Transaction
TXN000339,37,TRANSFER,163243.4,0,Transaction
TXN000340,37,CASH_OUT,259129.5,1,Transaction
TXN000341,38,CASH_OUT,340697.12,0,Transaction
TXN000342,38,TRANSFER,18624.18,0,Transaction
TXN000343,38,TRANSFER,267782.92,0,Transaction
TXN000344,38,TRANSFER,91386.79,0,Transaction
TXN000345,38,TRANSFER,473514.77,0,Transaction
TXN000346,38,TRANSFER,186469.53,0,Transaction
TXN000347,38,TRANSFER,290576.24,0,Transaction
TXN000348,38,TRANSFER,207140.52,0,Transaction
TXN000349,38,TRANSFER,72468.85,0,Transaction
TXN000350,38,TRANSFER,157393.62,0,Transaction
TXN000351,38,TRANSFER,80059.12,0,Transaction
TXN000352,38,TRANSFER,215083.7,1,Transaction
TXN000353,39,TRANSFER,378667.02,1,Transaction
TXN000354,39,TRANSFER,438615.58,1,Transaction
TXN000355,39,TRANSFER,149802.92,0,Transaction
TXN000356,39,CASH_OUT,497740.73,0,Transaction
TXN000357,39,TRANSFER,363857.25,0,Transaction
TXN000358,39,TRANSFER,188221.02,0,Transaction
TXN000359,39,CASH_OUT,54948.61,0,Transaction
TXN000360,39,TRANSFER,127116.41,0,Transaction
TXN000361,39,CASH_OUT,51388.94,0,Transaction
TXN000362,39,CASH_OUT,256280.81,0,Transaction
TXN000363,40,TRANSFER,486586.74,0,Transaction
TXN000364,40,TRANSFER,165971.2,0,Transaction
TXN000365,40,CASH_OUT,474773.56,1,Transaction
TXN000366,40,CASH_OUT,494344.3,0,Transaction
TXN000367,40,TRANSFER,400996.46,0,Transaction
TXN000368,40,CASH_OUT,332014.16,0,Transaction
TXN000369,40,CASH_OUT,92251.84,0,Transaction
TXN000370,40,TRANSFER,400149.65,0,Transaction
TXN000371,40,CASH_OUT,52752.84,0,Transaction
TXN000372,41,CASH_OUT,179940.86,0,Transaction
TXN000373,41,CASH_OUT,57355.8,0,Transaction
TXN000374,41,TRANSFER,383996.83,0,Transaction
TXN000375,41,CASH_OUT,350589.51,0,Transaction
TXN000376,41,TRANSFER,419677.48,0,Transaction
TXN000377,41,CASH_OUT,426083.7,1,Transaction
TXN000378,41,TRANSFER,26125.01,0,Transaction
TXN000379,41,TRANSFER,400829.38,0,Transaction
TXN000380,41,TRANSFER,52219.02,0,Transaction
TXN000381,41,TRANSFER,319131.52,0,Transaction
TXN000382,42,CASH_OUT,422314.4,0,Transaction
TXN000383,42,CASH_OUT,49621.07,0,Transaction
TXN000384,42,TRANSFER,274297.6,1,Transaction
TXN000385,42,CASH_OUT,371512.93,0,Transaction
TXN000386,42,TRANSFER,358677.17,0,Transaction
TXN000387,42,CASH_OUT,229236.55,0,Transaction
TXN000388,42,TRANSFER,419569.24,0,Transaction
TXN000389,42,TRANSFER,52673.43,0,Transaction
TXN000390,42,TRANSFER,458039.21,0,Transaction
TXN000391,43,TRANSFER,350307.13,0,Transaction
TXN000392,43,CASH_OUT,316659.06,0,Transaction
TXN000393,43,TRANSFER,325393.11,0,Transaction
TXN000394,43,TRANSFER,240704.59,0,Transaction
TXN000395,43,CASH_OUT,404344.08,1,Transaction
TXN000396,43,TRANSFER,375342.32,0,Transaction
TXN000397,43,CASH_OUT,377043.38,0,Transaction
TXN000398,43,CASH_OUT,371463.96,0,Transaction
TXN000399,44,CASH_OUT,194389.77,0,Transaction
TXN000400,44,TRANSFER,102340.52,0,Transaction
TXN000401,44,TRANSFER,355063.18,0,Transaction
TXN000402,44,TRANSFER,224958.65,1,Transaction
TXN000403,44,CASH_OUT,21276.48,0,Transaction
TXN000404,44,TRANSFER,355134.96,0,Transaction
TXN000405,44,TRANSFER,151276.25,0,Transaction
TXN000406,44,TRANSFER,478536.87,0,Transaction
TXN000407,44,TRANSFER,441814.97,0,Transaction
TXN000408,44,CASH_OUT,412020.51,1,Transaction
TXN000409,44,CASH_OUT,307236.85,0,Transaction
TXN000410,44,TRANSFER,362263.83,0,Transaction
TXN000411,45,CASH_OUT,449242.52,0,Transaction
TXN000412,45,TRANSFER,313839.6,0,Transaction
TXN000413,45,CASH_OUT,439439.98,0,Transaction
TXN000414,45,TRANSFER,358717.27,1,Transaction
TXN000415,45,TRANSFER,410988.04,0,Transaction
TXN000416,45,TRANSFER,267882.35,0,Transaction
TXN000417,45,CASH_OUT,464095.83,0,Transaction
TXN000418,45,TRANSFER,198161.52,0,Transaction
TXN000419,45,TRANSFER,148194.26,0,Transaction
TXN000420,45,CASH_OUT,277208.57,1,Transaction
TXN000421,46,CASH_OUT,153040.89,0,Transaction
TXN000422,46,TRANSFER,72085.1,0,Transaction
TXN000423,46,TRANSFER,426273.31,0,Transaction
TXN000424,46,TRANSFER,126093.12,0,Transaction
TXN000425,46,CASH_OUT,118031.89,0,Transaction
TXN000426,46,TRANSFER,330051.7,0,Transaction
TXN000427,47,TRANSFER,123841.39,0,Transaction
TXN000428,47,TRANSFER,166449.91,0,Transaction
TXN000429,47,CASH_OUT,323130.25,0,Transaction
TXN000430,47,CASH_OUT,39154.73,0,Transaction
TXN000431,47,TRANSFER,203162.1,0,Transaction
TXN000432,47,TRANSFER,75167.86,0,Transaction
TXN000433,47,CASH_OUT,255695.58,0,Transaction
TXN000434,47,CASH_OUT,257554.2,0,Transaction
TXN000435,47,CASH_OUT,469648.45,0,Transaction
TXN000436,47,TRANSFER,259424.73,0,Transaction
TXN000437,47,CASH_OUT,52509.28,0,Transaction
TXN000438,47,TRANSFER,285509.92,0,Transaction
TXN000439,48,TRANSFER,258669.52,0,Transaction
TXN000440,48,TRANSFER,220509.45,0,Transaction
TXN000441,48,TRANSFER,408660.58,0,Transaction
TXN000442,48,TRANSFER,295804.66,0,Transaction
TXN000443,48,TRANSFER,256808.77,1,Transaction
TXN000444,48,TRANSFER,300079.4,1,Transaction
TXN000445,48,CASH_OUT,109080.12,0,Transaction
TXN000446,48,TRANSFER,72213.36,0,Transaction
TXN000447,48,CASH_OUT,343109.99,0,Transaction
TXN000448,48,TRANSFER,261832.96,0,Transaction
TXN000449,48,CASH_OUT,300307.08,0,Transaction
TXN000450,48,TRANSFER,270103.71,0,Transaction
TXN000451,49,TRANSFER,265378.44,0,Transaction
TXN000452,49,TRANSFER,418758.07,0,Transaction
TXN000453,49,CASH_OUT,204914.71,0,Transaction
TXN000454,49,CASH_OUT,327618.51,0,Transaction
TXN000455,49,TRANSFER,427633.49,0,Transaction
TXN000456,49,CASH_OUT,392110.42,0,Transaction
TXN000457,49,TRANSFER,353041.81,0,Transaction
TXN000458,49,CASH_OUT,51039.03,0,Transaction
TXN000459,49,CASH_OUT,26974.35,0,Transaction
TXN000460,50,TRANSFER,218253.34,0,Transaction
TXN000461,50,TRANSFER,307368.83,0,Transaction
TXN000462,50,CASH_OUT,6344.49,0,Transaction
TXN000463,50,TRANSFER,255763.38,0,Transaction
TXN000464,50,TRANSFER,44334.56,0,Transaction
TXN000465,50,CASH_OUT,8667.89,0,Transaction
TXN000466,50,TRANSFER,174699.53,0,Transaction
TXN000467,50,CASH_OUT,287878.45,0,Transaction
TXN000468,50,TRANSFER,401668.18,0,Transaction
TXN000469,50,CASH_OUT,282021.13,0,Transaction
TXN000470,50,TRANSFER,241503.11,0,Transaction
TXN000471,50,TRANSFER,206800.56,0,Transaction
TXN000472,51,TRANSFER,410716.27,0,Transaction
TXN000473,51,TRANSFER,341870.55,0,Transaction
TXN000474,51,CASH_OUT,417635.3,0,Transaction
TXN000475,51,TRANSFER,246839.77,0,Transaction
TXN000476,51,CASH_OUT,449162.48,0,Transaction
TXN000477,51,TRANSFER,199541.87,0,Transaction
TXN000478,51,TRANSFER,17248.76,0,Transaction
TXN000479,51,CASH_OUT,259584.36,1,Transaction
TXN000480,52,TRANSFER,306776.27,0,Transaction
TXN000481,52,TRANSFER,249886.24,0,Transaction
TXN000482,52,CASH_OUT,66438.44,0,Transaction
TXN000483,52,TRANSFER,216677.16,1,Transaction
TXN000484,52,CASH_OUT,89127.03,0,Transaction
TXN000485,52,CASH_OUT,392881.14,0,Transaction
TXN000486,52,TRANSFER,407095.22,0,Transaction
TXN000487,52,TRANSFER,465990.44,1,Transaction
TXN000488,52,TRANSFER,288850.02,0,Transaction
TXN000489,52,TRANSFER,387597.44,1,Transaction
TXN000490,52,CASH_OUT,434260.57,0,Transaction
TXN000491,53,CASH_OUT,114880.75,0,Transaction
TXN000492,53,TRANSFER,390706.04,0,Transaction
TXN000493,53,TRANSFER,63394.92,0,Transaction
TXN000494,53,CASH_OUT,199125.75,0,Transaction
TXN000495,53,TRANSFER,262467.41,1,Transaction
TXN000496,53,CASH_OUT,155375.96,0,Transaction
TXN000497,53,CASH_OUT,15257.08,0,Transaction
TXN000498,53,TRANSFER,467493.93,1,Transaction
TXN000499,53,CASH_OUT,228815.17,0,Transaction
TXN000500,53,CASH_OUT,241344.19,1,Transaction
TXN000501,54,TRANSFER,1046.08,0,Transaction
TXN000502,54,TRANSFER,461122.11,0,Transaction
TXN000503,54,TRANSFER,274557.89,0,Transaction
TXN000504,54,TRANSFER,414385.0,1,Transaction
TXN000505,54,CASH_OUT,403979.9,0,Transaction
TXN000506,54,CASH_OUT,92021.18,0,Transaction
TXN000507,54,CASH_OUT,94706.93,0,Transaction
TXN000508,54,TRANSFER,135328.37,0,Transaction
TXN000509,55,TRANSFER,210701.27,0,Transaction
TXN000510,55,CASH_OUT,475870.38,0,Transaction
TXN000511,55,TRANSFER,408808.11,1,Transaction
TXN000512,55,CASH_OUT,124333.93,0,Transaction
TXN000513,55,CASH_OUT,236939.95,0,Transaction
TXN000514,55,CASH_OUT,260942.2,0,Transaction
TXN000515,55,CASH_OUT,118746.95,0,Transaction
TXN000516,56,TRANSFER,5456.0,0,Transaction
TXN000517,56,TRANSFER,45650.47,0,Transaction
TXN000518,56,CASH_OUT,178403.32,0,Transaction
TXN000519,56,TRANSFER,394492.35,0,Transaction
TXN000520,56,TRANSFER,68231.35,0,Transaction
TXN000521,56,TRANSFER,95698.14,0,Transaction
TXN000522,56,CASH_OUT,457322.53,1,Transaction
TXN000523,56,TRANSFER,184189.24,0,Transaction
TXN000524,56,TRANSFER,428557.81,0,Transaction
TXN000525,56,CASH_OUT,262510.81,0,Transaction
TXN000526,56,TRANSFER,262077.07,0,Transaction
TXN000527,56,CASH_OUT,50278.04,0,Transaction
TXN000528,57,TRANSFER,25493.73,0,Transaction
TXN000529,57,TRANSFER,234561.51,0,Transaction
TXN000530,57,CASH_OUT,411997.84,1,Transaction
TXN000531,57,TRANSFER,480332.79,0,Transaction
TXN000532,57,TRANSFER,313037.2,0,Transaction
TXN000533,57,TRANSFER,229901.58,0,Transaction
TXN000534,57,TRANSFER,79930.05,0,Transaction
TXN000535,57,TRANSFER,422582.15,0,Transaction
TXN000536,57,TRANSFER,188156.47,0,Transaction
TXN000537,57,TRANSFER,1097.62,0,Transaction
TXN000538,57,TRANSFER,4277.85,0,Transaction
TXN000539,58,TRANSFER,256124.47,0,Transaction
TXN000540,58,TRANSFER,444923.05,0,Transaction
TXN000541,58,CASH_OUT,39523.58,0,Transaction
TXN000542,58,TRANSFER,298020.37,0,Transaction
TXN000543,58,TRANSFER,174617.17,0,Transaction
TXN000544,58,CASH_OUT,424889.61,0,Transaction
TXN000545,58,TRANSFER,282891.53,0,Transaction
TXN000546,58,CASH_OUT,297970.96,0,Transaction
TXN000547,59,TRANSFER,372912.2,0,Transaction
TXN000548,59,TRANSFER,240980.33,0,Transaction
TXN000549,59,CASH_OUT,36750.35,0,Transaction
TXN000550,59,CASH_OUT,212346.76,0,Transaction
TXN000551,59,TRANSFER,308494.28,0,Transaction
TXN000552,59,TRANSFER,78839.62,0,Transaction
TXN000553,59,CASH_OUT,434507.42,1,Transaction
TXN000554,59,CASH_OUT,12351.31,0,Transaction
TXN000555,59,TRANSFER,242030.14,1,Transaction
TXN000556,60,CASH_OUT,263872.75,1,Transaction
TXN000557,60,TRANSFER,233015.45,1,Transaction
TXN000558,60,CASH_OUT,180749.35,0,Transaction
TXN000559,60,CASH_OUT,254761.63,0,Transaction
TXN000560,60,CASH_OUT,483428.89,0,Transaction
TXN000561,60,CASH_OUT,372450.97,0,Transaction
TXN000562,60,TRANSFER,313270.39,0,Transaction
TXN000563,60,TRANSFER,76702.38,0,Transaction
TXN000564,60,TRANSFER,306611.75,0,Transaction
TXN000565,60,TRANSFER,225135.42,0,Transaction
TXN000566,60,CASH_OUT,344577.51,0,Transaction
TXN000567,61,TRANSFER,34839.21,0,Transaction
TXN000568,61,TRANSFER,160025.04,0,Transaction
TXN000569,61,TRANSFER,466691.77,0,Transaction
TXN000570,61,TRANSFER,134164.44,0,Transaction
TXN000571,61,TRANSFER,344382.5,0,Transaction
TXN000572,61,CASH_OUT,246231.35,0,Transaction
TXN000573,61,CASH_OUT,112054.55,0,Transaction
TXN000574,61,TRANSFER,433697.37,0,Transaction
TXN000575,61,TRANSFER,367930.56,0,Transaction
TXN000576,61,CASH_OUT,438015.7,0,Transaction
TXN000577,61,CASH_OUT,259832.62,0,Transaction
TXN000578,61,TRANSFER,146298.5,0,Transaction
TXN000579,62,TRANSFER,459597.38,0,Transaction
TXN000580,62,CASH_OUT,90705.92,0,Transaction
TXN000581,62,TRANSFER,13431.14,0,Transaction
TXN000582,62,CASH_OUT,346167.0,0,Transaction
TXN000583,62,TRANSFER,182108.75,0,Transaction
TXN000584,62,CASH_OUT,189960.64,0,Transaction
TXN000585,62,CASH_OUT,81899.92,0,Transaction
TXN000586,62,TRANSFER,480522.09,0,Transaction
TXN000587,62,CASH_OUT,7091.67,0,Transaction
TXN000588,62,CASH_OUT,109220.05,0,Transaction
TXN000589,62,TRANSFER,441201.76,0,Transaction
TXN000590,62,TRANSFER,175160.9,0,Transaction
TXN000591,63,CASH_OUT,25466.65,0,Transaction
TXN000592,63,CASH_OUT,297889.52,0,Transaction
TXN000593,63,CASH_OUT,162088.1,0,Transaction
TXN000594,63,CASH_OUT,68138.35,0,Transaction
TXN000595,63,TRANSFER,306414.82,0,Transaction
TXN000596,63,CASH_OUT,467011.95,0,Transaction
TXN000597,63,TRANSFER,177572.82,0,Transaction
TXN000598,63,TRANSFER,441948.18,0,Transaction
TXN000599,63,TRANSFER,368996.72,0,Transaction
TXN000600,63,TRANSFER,106956.63,0,Transaction
TXN000601,64,CASH_OUT,162638.0,0,Transaction
TXN000602,64,TRANSFER,416189.34,0,Transaction
TXN000603,64,TRANSFER,68741.19,0,Transaction
TXN000604,64,CASH_OUT,463967.2,0,Transaction
TXN000605,64,CASH_OUT,289121.42,0,Transaction
TXN000606,64,TRANSFER,170237.06,0,Transaction
TXN000607,64,TRANSFER,59305.47,0,Transaction
TXN000608,64,CASH_OUT,44312.09,0,Transaction
TXN000609,65,CASH_OUT,57003.4,0,Transaction
TXN000610,65,CASH_OUT,452572.94,0,Transaction
TXN000611,65,CASH_OUT,384971.22,0,Transaction
TXN000612,65,CASH_OUT,194406.52,0,Transaction
TXN000613,65,TRANSFER,436065.67,0,Transaction
TXN000614,65,CASH_OUT,379488.42,0,Transaction
TXN000615,65,TRANSFER,335890.9,0,Transaction
TXN000616,65,CASH_OUT,271721.83,0,Transaction
TXN000617,65,CASH_OUT,156377.4,0,Transaction
TXN000618,65,TRANSFER,26177.55,0,Transaction
TXN000619,65,TRANSFER,315105.87,0,Transaction
TXN000620,65,TRANSFER,404840.61,0,Transaction
TXN000621,66,TRANSFER,155885.45,0,Transaction
TXN000622,66,TRANSFER,129768.33,0,Transaction
TXN000623,66,CASH_OUT,227188.25,0,Transaction
TXN000624,66,TRANSFER,302615.68,1,Transaction
TXN000625,66,CASH_OUT,36391.07,0,Transaction
TXN000626,66,CASH_OUT,80351.12,0,Transaction
TXN000627,66,TRANSFER,284038.39,0,Transaction
TXN000628,66,CASH_OUT,418537.35,0,Transaction
TXN000629,66,TRANSFER,35734.21,0,Transaction
TXN000630,66,CASH_OUT,330422.21,0,Transaction
TXN000631,67,CASH_OUT,75459.0,0,Transaction
TXN000632,67,CASH_OUT,150567.93,0,Transaction
TXN000633,67,CASH_OUT,495154.34,0,Transaction
TXN000634,67,CASH_OUT,483981.86,0,Transaction
TXN000635,67,TRANSFER,216426.04,0,Transaction
TXN000636,67,TRANSFER,87531.64,0,Transaction
TXN000637,67,CASH_OUT,144946.96,0,Transaction
TXN000638,67,TRANSFER,329305.42,1,Transaction
TXN000639,67,TRANSFER,302610.33,0,Transaction
TXN000640,67,CASH_OUT,93709.73,0,Transaction
TXN000641,67,CASH_OUT,206008.07,0,Transaction
TXN000642,67,CASH_OUT,241284.92,1,Transaction
TXN000643,68,TRANSFER,258957.83,0,Transaction
TXN000644,68,CASH_OUT,342352.94,0,Transaction
TXN000645,68,CASH_OUT,227563.35,0,Transaction
TXN000646,68,TRANSFER,347830.53,0,Transaction
TXN000647,68,TRANSFER,286857.14,0,Transaction
TXN000648,68,TRANSFER,39354.27,0,Transaction
TXN000649,68,CASH_OUT,370973.15,0,Transaction
TXN000650,68,CASH_OUT,391481.32,0,Transaction
TXN000651,68,TRANSFER,467036.99,0,Transaction
TXN000652,68,CASH_OUT,319149.76,0,Transaction
TXN000653,68,CASH_OUT,84632.6,0,Transaction
TXN000654,69,CASH_OUT,353098.29,1,Transaction
TXN000655,69,CASH_OUT,191620.04,0,Transaction
TXN000656,69,CASH_OUT,177560.22,0,Transaction
TXN000657,69,CASH_OUT,401355.86,0,Transaction
TXN000658,69,CASH_OUT,385478.15,0,Transaction
TXN000659,69,TRANSFER,6968.74,0,Transaction
TXN000660,69,TRANSFER,97346.69,0,Transaction
TXN000661,69,CASH_OUT,475293.99,0,Transaction
TXN000662,69,CASH_OUT,450048.71,0,Transaction
TXN000663,69,CASH_OUT,468154.85,0,Transaction
TXN000664,69,TRANSFER,129410.96,0,Transaction
TXN000665,70,TRANSFER,477847.24,0,Transaction
TXN000666,70,CASH_OUT,246536.59,0,Transaction
TXN000667,70,CASH_OUT,18395.59,0,Transaction
TXN000668,70,CASH_OUT,326779.8,1,Transaction
TXN000669,70,TRANSFER,287745.49,0,Transaction
TXN000670,70,TRANSFER,270524.23,0,Transaction
TXN000671,71,TRANSFER,167386.42,0,Transaction
TXN000672,71,CASH_OUT,426817.7,0,Transaction
TXN000673,71,TRANSFER,483788.97,0,Transaction
TXN000674,71,TRANSFER,442721.86,0,Transaction
TXN000675,71,TRANSFER,32433.32,0,Transaction
TXN000676,71,TRANSFER,19484.3,0,Transaction
TXN000677,71,TRANSFER,333990.89,0,Transaction
TXN000678,71,TRANSFER,19401.96,0,Transaction
TXN000679,71,TRANSFER,8168.24,0,Transaction
TXN000680,72,CASH_OUT,32914.85,0,Transaction
TXN000681,72,CASH_OUT,213679.52,0,Transaction
TXN000682,72,TRANSFER,161473.35,0,Transaction
TXN000683,72,TRANSFER,137672.79,0,Transaction
TXN000684,72,TRANSFER,21308.75,0,Transaction
TXN000685,72,CASH_OUT,41280.58,0,Transaction
TXN000686,72,CASH_OUT,347058.26,0,Transaction
TXN000687,72,TRANSFER,120387.63,0,Transaction
TXN000688,72,CASH_OUT,313968.64,0,Transaction
TXN000689,72,TRANSFER,309841.55,0,Transaction
TXN000690,72,TRANSFER,27481.44,0,Transaction
TXN000691,72,CASH_OUT,335401.17,0,Transaction
TXN000692,73,TRANSFER,227120.67,1,Transaction
TXN000693,73,TRANSFER,257936.96,0,Transaction
TXN000694,73,CASH_OUT,449288.01,1,Transaction
TXN000695,73,TRANSFER,188390.66,0,Transaction
TXN000696,73,TRANSFER,228040.45,1,Transaction
TXN000697,73,CASH_OUT,101903.23,0,Transaction
TXN000698,73,TRANSFER,229830.88,0,Transaction
TXN000699,73,CASH_OUT,289482.6,0,Transaction
TXN000700,73,TRANSFER,140306.27,0,Transaction
TXN000701,74,TRANSFER,473179.92,0,Transaction
TXN000702,74,TRANSFER,17776.66,0,Transaction
TXN000703,74,CASH_OUT,42462.67,0,Transaction
TXN000704,74,TRANSFER,120292.14,0,Transaction
TXN000705,74,CASH_OUT,373896.06,0,Transaction
TXN000706,74,CASH_OUT,313778.67,1,Transaction
TXN000707,74,CASH_OUT,265929.24,0,Transaction
TXN000708,75,TRANSFER,310607.15,0,Transaction
TXN000709,75,CASH_OUT,192094.54,0,Transaction
TXN000710,75,TRANSFER,280818.35,1,Transaction
TXN000711,75,TRANSFER,368952.65,0,Transaction
TXN000712,75,CASH_OUT,449068.59,0,Transaction
TXN000713,75,TRANSFER,414950.35,0,Transaction
TXN000714,75,CASH_OUT,472737.3,0,Transaction
TXN000715,75,CASH_OUT,449074.98,0,Transaction
TXN000716,75,TRANSFER,437621.58,0,Transaction
TXN000717,75,CASH_OUT,174003.42,0,Transaction
TXN000718,76,TRANSFER,417638.81,0,Transaction
TXN000719,76,CASH_OUT,348734.93,0,Transaction
TXN000720,76,TRANSFER,114164.19,0,Transaction
TXN000721,76,CASH_OUT,478150.71,0,Transaction
TXN000722,76,TRANSFER,452450.86,0,Transaction
TXN000723,76,CASH_OUT,185466.4,0,Transaction
TXN000724,76,CASH_OUT,270393.43,0,Transaction
TXN000725,76,TRANSFER,463977.83,0,Transaction
TXN000726,77,TRANSFER,484833.17,0,Transaction
TXN000727,77,CASH_OUT,170003.53,0,Transaction
TXN000728,77,TRANSFER,13373.0,0,Transaction
TXN000729,77,TRANSFER,292132.29,0,Transaction
TXN000730,77,TRANSFER,336107.33,0,Transaction
TXN000731,77,TRANSFER,454315.03,1,Transaction
TXN000732,77,CASH_OUT,143040.53,0,Transaction
TXN000733,77,CASH_OUT,371022.31,0,Transaction
TXN000734,77,CASH_OUT,70644.28,0,Transaction
TXN000735,77,TRANSFER,493332.54,0,Transaction
TXN000736,78,TRANSFER,88271.61,0,Transaction
TXN000737,78,CASH_OUT,145442.12,0,Transaction
TXN000738,78,TRANSFER,370188.16,0,Transaction
TXN000739,78,TRANSFER,62964.29,0,Transaction
TXN000740,78,TRANSFER,60557.98,0,Transaction
TXN000741,78,TRANSFER,283221.72,0,Transaction
TXN000742,79,CASH_OUT,9755.0,0,Transaction
TXN000743,79,TRANSFER,179335.35,0,Transaction
TXN000744,79,CASH_OUT,265276.55,0,Transaction
TXN000745,79,TRANSFER,272312.46,0,Transaction
TXN000746,79,TRANSFER,48820.87,0,Transaction
TXN000747,79,TRANSFER,242964.61,0,Transaction
TXN000748,79,TRANSFER,307100.75,0,Transaction
TXN000749,79,CASH_OUT,230785.19,0,Transaction
TXN000750,79,TRANSFER,408702.31,0,Transaction
TXN000751,79,TRANSFER,407472.48,0,Transaction
TXN000752,79,TRANSFER,212977.73,1,Transaction
TXN000753,80,CASH_OUT,54800.87,0,Transaction
TXN000754,80,TRANSFER,34057.43,0,Transaction
TXN000755,80,CASH_OUT,93206.13,0,Transaction
TXN000756,80,CASH_OUT,176749.43,0,Transaction
TXN000757,80,CASH_OUT,409973.67,0,Transaction
TXN000758,80,CASH_OUT,3160.14,0,Transaction
TXN000759,81,CASH_OUT,93377.76,0,Transaction
TXN000760,81,CASH_OUT,114549.55,0,Transaction
TXN000761,81,TRANSFER,381374.57,0,Transaction
TXN000762,81,TRANSFER,300594.36,0,Transaction
TXN000763,81,CASH_OUT,95203.71,0,Transaction
TXN000764,81,TRANSFER,499362.94,1,Transaction
TXN000765,81,TRANSFER,72540.41,0,Transaction
TXN000766,81,TRANSFER,169977.19,0,Transaction
TXN000767,81,TRANSFER,382643.69,0,Transaction
TXN000768,81,CASH_OUT,301979.55,0,Transaction
TXN000769,82,TRANSFER,116180.07,0,Transaction
TXN000770,82,CASH_OUT,486064.2,0,Transaction
TXN000771,82,CASH_OUT,376053.26,0,Transaction
TXN000772,82,CASH_OUT,172464.21,0,Transaction
TXN000773,82,CASH_OUT,192431.31,0,Transaction
TXN000774,82,TRANSFER,430319.99,0,Transaction
TXN000775,82,TRANSFER,55581.61,0,Transaction
TXN000776,82,CASH_OUT,427321.38,0,Transaction
TXN000777,82,CASH_OUT,488913.69,1,Transaction
TXN000778,82,TRANSFER,292399.52,0,Transaction
TXN000779,82,TRANSFER,330958.76,0,Transaction
TXN000780,82,CASH_OUT,169459.53,0,Transaction
TXN000781,83,CASH_OUT,134042.82,0,Transaction
TXN000782,83,CASH_OUT,286696.78,1,Transaction
TXN000783,83,CASH_OUT,334026.39,0,Transaction
TXN000784,83,TRANSFER,420349.86,0,Transaction
TXN000785,83,CASH_OUT,371701.12,0,Transaction
TXN000786,83,TRANSFER,238158.92,0,Transaction
TXN000787,83,TRANSFER,157363.13,0,Transaction
TXN000788,83,TRANSFER,440567.39,0,Transaction
TXN000789,83,TRANSFER,469113.39,0,Transaction
TXN000790,84,CASH_OUT,313752.48,0,Transaction
TXN000791,84,TRANSFER,205719.87,0,Transaction
TXN000792,84,CASH_OUT,81131.57,0,Transaction
TXN000793,84,TRANSFER,398725.34,0,Transaction
TXN000794,84,TRANSFER,69078.88,0,Transaction
TXN000795,84,CASH_OUT,481929.66,1,Transaction
TXN000796,84,CASH_OUT,433718.72,0,Transaction
TXN000797,84,CASH_OUT,421532.38,0,Transaction
TXN000798,84,TRANSFER,465846.26,0,Transaction
TXN000799,84,TRANSFER,368880.94,0,Transaction
TXN000800,84,TRANSFER,220298.23,0,Transaction
TXN000801,84,TRANSFER,237952.21,0,Transaction
TXN000802,85,TRANSFER,11516.03,0,Transaction
TXN000803,85,CASH_OUT,345650.55,0,Transaction
TXN000804,85,TRANSFER,61904.83,0,Transaction
TXN000805,85,TRANSFER,151143.19,0,Transaction
TXN000806,85,TRANSFER,159274.99,0,Transaction
TXN000807,85,CASH_OUT,470307.21,0,Transaction
TXN000808,85,CASH_OUT,131224.07,0,Transaction
TXN000809,86,CASH_OUT,14648.1,0,Transaction
TXN000810,86,CASH_OUT,100837.58,0,Transaction
TXN000811,86,TRANSFER,415480.07,0,Transaction
TXN000812,86,CASH_OUT,67621.39,0,Transaction
TXN000813,86,TRANSFER,184432.18,0,Transaction
TXN000814,86,CASH_OUT,461633.06,0,Transaction
TXN000815,86,CASH_OUT,25841.7,0,Transaction
TXN000816,86,TRANSFER,59557.91,0,Transaction
TXN000817,86,CASH_OUT,60137.66,0,Transaction
TXN000818,86,CASH_OUT,191654.68,0,Transaction
TXN000819,86,TRANSFER,209747.16,1,Transaction
TXN000820,87,CASH_OUT,185449.23,0,Transaction
TXN000821,87,TRANSFER,199379.8,0,Transaction
TXN000822,87,TRANSFER,278942.99,0,Transaction
TXN000823,87,TRANSFER,355073.42,1,Transaction
TXN000824,87,TRANSFER,335959.75,0,Transaction
TXN000825,87,TRANSFER,439070.48,0,Transaction
TXN000826,87,TRANSFER,250106.1,0,Transaction
TXN000827,87,TRANSFER,463431.72,0,Transaction
TXN000828,88,CASH_OUT,426663.8,0,Transaction
TXN000829,88,TRANSFER,130851.76,0,Transaction
TXN000830,88,CASH_OUT,494420.47,0,Transaction
TXN000831,88,CASH_OUT,102663.12,0,Transaction
TXN000832,88,CASH_OUT,293253.02,0,Transaction
TXN000833,88,CASH_OUT,384358.46,0,Transaction
TXN000834,88,CASH_OUT,295578.91,0,Transaction
TXN000835,88,TRANSFER,314550.01,0,Transaction
TXN000836,88,TRANSFER,473761.78,0,Transaction
TXN000837,88,TRANSFER,162262.25,0,Transaction
TXN000838,88,CASH_OUT,89827.39,0,Transaction
TXN000839,89,TRANSFER,201795.72,0,Transaction
TXN000840,89,TRANSFER,451963.4,0,Transaction
TXN000841,89,TRANSFER,238743.4,0,Transaction
TXN000842,89,CASH_OUT,213582.53,0,Transaction
TXN000843,89,TRANSFER,264112.08,1,Transaction
TXN000844,89,TRANSFER,150896.23,0,Transaction
TXN000845,90,CASH_OUT,24816.41,0,Transaction
TXN000846,90,TRANSFER,330766.77,0,Transaction
TXN000847,90,TRANSFER,90596.55,0,Transaction
TXN000848,90,TRANSFER,362323.25,0,Transaction
TXN000849,90,TRANSFER,373767.63,0,Transaction
TXN000850,90,TRANSFER,86695.94,0,Transaction
TXN000851,90,CASH_OUT,152097.19,0,Transaction
TXN000852,90,CASH_OUT,44729.93,0,Transaction
TXN000853,91,TRANSFER,241077.48,0,Transaction
TXN000854,91,CASH_OUT,385090.85,0,Transaction
TXN000855,91,CASH_OUT,236273.11,0,Transaction
TXN000856,91,CASH_OUT,52229.1,0,Transaction
TXN000857,91,TRANSFER,365808.19,1,Transaction
TXN000858,91,TRANSFER,467705.2,0,Transaction
TXN000859,91,TRANSFER,277074.59,0,Transaction
TXN000860,91,TRANSFER,224714.37,0,Transaction
TXN000861,91,TRANSFER,294241.7,0,Transaction
TXN000862,91,CASH_OUT,361774.51,0,Transaction
TXN000863,91,CASH_OUT,311299.35,0,Transaction
TXN000864,91,TRANSFER,51350.96,0,Transaction
TXN000865,92,TRANSFER,180034.59,0,Transaction
TXN000866,92,TRANSFER,169529.64,0,Transaction
TXN000867,92,CASH_OUT,392658.02,0,Transaction
TXN000868,92,CASH_OUT,335073.46,0,Transaction
TXN000869,92,TRANSFER,391044.55,0,Transaction
TXN000870,92,CASH_OUT,59911.62,0,Transaction
TXN000871,92,CASH_OUT,249697.11,0,Transaction
TXN000872,92,CASH_OUT,484848.7,1,Transaction
TXN000873,93,CASH_OUT,43531.7,0,Transaction
TXN000874,93,TRANSFER,377000.08,0,Transaction
TXN000875,93,TRANSFER,397509.07,1,Transaction
TXN000876,93,TRANSFER,471877.78,0,Transaction
TXN000877,93,TRANSFER,330427.91,0,Transaction
TXN000878,93,CASH_OUT,486357.91,0,Transaction
TXN000879,93,CASH_OUT,4943.21,0,Transaction
TXN000880,93,CASH_OUT,103361.65,0,Transaction
TXN000881,93,CASH_OUT,202848.35,0,Transaction
TXN000882,93,TRANSFER,260714.38,0,Transaction
TXN000883,93,TRANSFER,12687.45,0,Transaction
TXN000884,93,TRANSFER,493490.4,1,Transaction
TXN000885,94,TRANSFER,378523.41,0,Transaction
TXN000886,94,TRANSFER,494511.04,0,Transaction
TXN000887,94,TRANSFER,142983.21,0,Transaction
TXN000888,94,CASH_OUT,124569.03,0,Transaction
TXN000889,94,CASH_OUT,356108.57,1,Transaction
TXN000890,94,TRANSFER,39958.27,0,Transaction
TXN000891,94,CASH_OUT,292567.59,0,Transaction
TXN000892,94,CASH_OUT,73028.74,0,Transaction
TXN000893,95,CASH_OUT,347540.88,1,Transaction
TXN000894,95,TRANSFER,301198.51,1,Transaction
TXN000895,95,CASH_OUT,186362.21,0,Transaction
TXN000896,95,TRANSFER,211456.73,0,Transaction
TXN000897,95,TRANSFER,274221.11,1,Transaction
TXN000898,95,TRANSFER,390893.33,0,Transaction
TXN000899,95,CASH_OUT,225514.77,0,Transaction
TXN000900,96,CASH_OUT,450221.96,1,Transaction
TXN000901,96,CASH_OUT,45176.42,0,Transaction
TXN000902,96,CASH_OUT,322934.68,1,Transaction
TXN000903,96,CASH_OUT,478689.11,0,Transaction
TXN000904,96,TRANSFER,481226.01,0,Transaction
TXN000905,96,CASH_OUT,303820.56,1,Transaction
TXN000906,96,CASH_OUT,208053.28,0,Transaction
TXN000907,96,TRANSFER,72873.09,0,Transaction
TXN000908,96,TRANSFER,307623.24,1,Transaction
TXN000909,96,TRANSFER,206998.58,0,Transaction
TXN000910,96,TRANSFER,293428.51,0,Transaction
TXN000911,96,TRANSFER,204131.16,0,Transaction
TXN000912,97,TRANSFER,381726.17,1,Transaction
TXN000913,97,CASH_OUT,250715.75,1,Transaction
TXN000914,97,TRANSFER,476353.7,0,Transaction
TXN000915,97,CASH_OUT,1270.92,0,Transaction
TXN000916,97,CASH_OUT,421376.9,0,Transaction
TXN000917,97,TRANSFER,45767.84,0,Transaction
TXN000918,98,CASH_OUT,305612.21,0,Transaction
TXN000919,98,TRANSFER,226906.32,0,Transaction
TXN000920,98,TRANSFER,67729.15,0,Transaction
TXN000921,98,TRANSFER,278339.54,0,Transaction
TXN000922,98,TRANSFER,16442.81,0,Transaction
TXN000923,98,CASH_OUT,413905.95,0,Transaction
TXN000924,98,CASH_OUT,468187.68,0,Transaction
TXN000925,98,TRANSFER,408324.13,0,Transaction
TXN000926,98,CASH_OUT,452349.29,0,Transaction
TXN000927,98,CASH_OUT,284982.01,0,Transaction
TXN000928,98,CASH_OUT,33614.95,0,Transaction
TXN000929,99,CASH_OUT,391344.1,0,Transaction
TXN000930,99,CASH_OUT,280497.87,0,Transaction
TXN000931,99,CASH_OUT,216841.54,0,Transaction
TXN000932,99,TRANSFER,442017.42,0,Transaction
TXN000933,99,TRANSFER,41822.64,0,Transaction
TXN000934,99,CASH_OUT,458580.62,0,Transaction
TXN000935,99,CASH_OUT,296672.85,0,Transaction
TXN000936,99,TRANSFER,410995.26,0,Transaction
TXN000937,100,CASH_OUT,289888.3,1,Transaction
TXN000938,100,TRANSFER,33449.08,0,Transaction
TXN000939,100,TRANSFER,33829.34,0,Transaction
TXN000940,100,TRANSFER,376229.72,0,Transaction
TXN000941,100,TRANSFER,440089.15,0,Transaction
TXN000942,100,CASH_OUT,97048.18,0,Transaction
TXN000943,100,TRANSFER,319044.5,0,Transaction
TXN000944,100,TRANSFER,31185.1,0,Transaction
TXN000945,100,CASH_OUT,442725.73,1,Transaction
TXN000946,100,TRANSFER,259322.61,1,Transaction
TXN000947,101,TRANSFER,172564.24,0,Transaction
TXN000948,101,TRANSFER,238386.8,0,Transaction
TXN000949,101,CASH_OUT,150516.16,0,Transaction
TXN000950,101,CASH_OUT,319744.76,0,Transaction
TXN000951,101,TRANSFER,403828.38,0,Transaction
TXN000952,101,TRANSFER,277791.11,0,Transaction
TXN000953,101,CASH_OUT,100362.31,0,Transaction
TXN000954,102,CASH_OUT,90092.17,0,Transaction
TXN000955,102,CASH_OUT,190082.46,0,Transaction
TXN000956,102,CASH_OUT,404934.4,0,Transaction
TXN000957,102,CASH_OUT,60128.17,0,Transaction
TXN000958,102,TRANSFER,159657.85,0,Transaction
TXN000959,102,CASH_OUT,427363.28,1,Transaction
TXN000960,102,TRANSFER,425899.82,0,Transaction
TXN000961,102,TRANSFER,33371.65,0,Transaction
TXN000962,103,CASH_OUT,90320.26,0,Transaction
TXN000963,103,TRANSFER,201072.09,0,Transaction
TXN000964,103,TRANSFER,198554.09,0,Transaction
TXN000965,103,CASH_OUT,68030.83,0,Transaction
TXN000966,103,TRANSFER,310941.78,0,Transaction
TXN000967,103,CASH_OUT,90603.3,0,Transaction
TXN000968,103,TRANSFER,256882.7,0,Transaction
TXN000969,103,TRANSFER,100952.99,0,Transaction
TXN000970,103,TRANSFER,96130.58,0,Transaction
TXN000971,103,CASH_OUT,5258.41,0,Transaction
TXN000972,103,CASH_OUT,379145.23,0,Transaction
TXN000973,104,CASH_OUT,105727.64,0,Transaction
TXN000974,104,CASH_OUT,170989.13,0,Transaction
TXN000975,104,TRANSFER,225536.0,0,Transaction
TXN000976,104,TRANSFER,170571.3,0,Transaction
TXN000977,104,TRANSFER,163713.68,0,Transaction
TXN000978,104,CASH_OUT,284527.25,0,Transaction
TXN000979,104,TRANSFER,32790.91,0,Transaction
TXN000980,105,CASH_OUT,47527.51,0,Transaction
TXN000981,105,TRANSFER,94159.36,0,Transaction
TXN000982,105,TRANSFER,35919.74,0,Transaction
TXN000983,105,TRANSFER,65439.7,0,Transaction
TXN000984,105,TRANSFER,216668.14,0,Transaction
TXN000985,105,CASH_OUT,342733.13,1,Transaction
TXN000986,105,TRANSFER,403975.35,0,Transaction
TXN000987,105,TRANSFER,144667.98,0,Transaction
TXN000988,106,CASH_OUT,208111.33,0,Transaction
TXN000989,106,TRANSFER,48671.55,0,Transaction
TXN000990,106,CASH_OUT,269331.03,1,Transaction
TXN000991,106,CASH_OUT,496202.47,0,Transaction
TXN000992,106,TRANSFER,226017.06,0,Transaction
TXN000993,106,TRANSFER,191196.63,0,Transaction
TXN000994,106,TRANSFER,458651.35,0,Transaction
TXN000995,106,TRANSFER,475059.19,0,Transaction
TXN000996,106,TRANSFER,147778.18,0,Transaction
TXN000997,106,TRANSFER,77594.74,0,Transaction
TXN000998,106,TRANSFER,348674.44,0,Transaction
TXN000999,107,CASH_OUT,222549.36,1,Transaction
TXN001000,107,TRANSFER,454469.44,1,Transaction
TXN001001,107,TRANSFER,340299.8,0,Transaction
TXN001002,107,CASH_OUT,22962.24,0,Transaction
TXN001003,107,TRANSFER,467229.36,0,Transaction
TXN001004,107,TRANSFER,327342.39,0,Transaction
TXN001005,107,CASH_OUT,22925.53,0,Transaction
TXN001006,107,CASH_OUT,356553.02,0,Transaction
TXN001007,107,TRANSFER,348461.37,0,Transaction
TXN001008,107,TRANSFER,159665.52,0,Transaction
TXN001009,107,TRANSFER,191803.33,0,Transaction
TXN001010,108,CASH_OUT,379711.57,0,Transaction
TXN001011,108,TRANSFER,249864.51,0,Transaction
TXN001012,108,TRANSFER,369888.56,0,Transaction
TXN001013,108,CASH_OUT,324375.17,1,Transaction
TXN001014,108,CASH_OUT,270116.56,0,Transaction
TXN001015,108,CASH_OUT,261214.49,0,Transaction
TXN001016,108,TRANSFER,469198.99,0,Transaction
TXN001017,108,CASH_OUT,213693.67,0,Transaction
TXN001018,108,TRANSFER,288634.49,0,Transaction
TXN001019,108,TRANSFER,235886.03,0,Transaction
TXN001020,109,CASH_OUT,214271.25,0,Transaction
TXN001021,109,TRANSFER,190844.67,0,Transaction
TXN001022,109,CASH_OUT,357716.82,0,Transaction
TXN001023,109,CASH_OUT,202873.08,0,Transaction
TXN001024,109,TRANSFER,36545.94,0,Transaction
TXN001025,109,TRANSFER,218712.67,0,Transaction
TXN001026,109,TRANSFER,348531.25,0,Transaction
TXN001027,110,TRANSFER,15099.78,0,Transaction
TXN001028,110,CASH_OUT,301472.51,0,Transaction
TXN001029,110,CASH_OUT,199435.79,0,Transaction
TXN001030,110,TRANSFER,415045.03,0,Transaction
TXN001031,110,CASH_OUT,206392.89,0,Transaction
TXN001032,110,CASH_OUT,135241.65,0,Transaction
TXN001033,110,CASH_OUT,1787.71,0,Transaction
TXN001034,111,TRANSFER,89024.25,0,Transaction
TXN001035,111,TRANSFER,283978.97,0,Transaction
TXN001036,111,CASH_OUT,220924.49,1,Transaction
TXN001037,111,CASH_OUT,63216.11,0,Transaction
TXN001038,111,TRANSFER,5743.78,0,Transaction
TXN001039,111,CASH_OUT,396101.48,0,Transaction
TXN001040,111,TRANSFER,302581.4,0,Transaction
TXN001041,111,TRANSFER,199837.2,0,Transaction
TXN001042,111,CASH_OUT,362884.87,1,Transaction
TXN001043,111,CASH_OUT,375968.43,0,Transaction
TXN001044,112,TRANSFER,493104.52,0,Transaction
TXN001045,112,TRANSFER,163437.07,0,Transaction
TXN001046,112,TRANSFER,214530.22,0,Transaction
TXN001047,112,CASH_OUT,303979.73,0,Transaction
TXN001048,112,CASH_OUT,249464.6,0,Transaction
TXN001049,112,CASH_OUT,477570.56,0,Transaction
TXN001050,112,TRANSFER,218011.81,0,Transaction
TXN001051,112,CASH_OUT,129556.64,0,Transaction
TXN001052,112,TRANSFER,362981.79,0,Transaction
TXN001053,112,CASH_OUT,322349.28,0,Transaction
TXN001054,112,TRANSFER,404415.29,1,Transaction
TXN001055,112,TRANSFER,468668.11,1,Transaction
TXN001056,113,TRANSFER,368722.03,0,Transaction
TXN001057,113,TRANSFER,398961.55,1,Transaction
TXN001058,113,CASH_OUT,5585.07,0,Transaction
TXN001059,113,CASH_OUT,340310.48,0,Transaction
TXN001060,113,CASH_OUT,155136.82,0,Transaction
TXN001061,113,CASH_OUT,414514.96,0,Transaction
TXN001062,113,CASH_OUT,106095.93,0,Transaction
TXN001063,113,CASH_OUT,90331.1,0,Transaction
TXN001064,114,CASH_OUT,196750.5,0,Transaction
TXN001065,114,TRANSFER,363650.55,0,Transaction
TXN001066,114,TRANSFER,395847.46,1,Transaction
TXN001067,114,CASH_OUT,289001.55,0,Transaction
TXN001068,114,TRANSFER,5557.12,0,Transaction
TXN001069,114,CASH_OUT,340043.19,1,Transaction
TXN001070,114,TRANSFER,59556.08,0,Transaction
TXN001071,114,TRANSFER,123255.5,0,Transaction
TXN001072,114,TRANSFER,372854.92,0,Transaction
TXN001073,114,TRANSFER,191668.36,0,Transaction
TXN001074,114,TRANSFER,321063.25,0,Transaction
TXN001075,114,CASH_OUT,48182.07,0,Transaction
TXN001076,115,CASH_OUT,163289.26,0,Transaction
TXN001077,115,TRANSFER,197504.48,0,Transaction
TXN001078,115,TRANSFER,269951.91,0,Transaction
TXN001079,115,TRANSFER,431139.72,1,Transaction
TXN001080,115,TRANSFER,287965.43,1,Transaction
TXN001081,115,TRANSFER,253568.01,0,Transaction
TXN001082,115,CASH_OUT,473161.09,0,Transaction
TXN001083,115,TRANSFER,261810.46,0,Transaction
TXN001084,115,TRANSFER,119313.08,0,Transaction
TXN001085,115,CASH_OUT,296299.79,0,Transaction
TXN001086,115,TRANSFER,200629.63,0,Transaction
TXN001087,116,TRANSFER,497684.28,0,Transaction
TXN001088,116,CASH_OUT,410962.33,0,Transaction
TXN001089,116,CASH_OUT,266203.61,0,Transaction
TXN001090,116,TRANSFER,434558.83,1,Transaction
TXN001091,116,TRANSFER,391584.08,0,Transaction
TXN001092,116,CASH_OUT,350527.31,0,Transaction
TXN001093,116,CASH_OUT,195392.1,0,Transaction
TXN001094,116,CASH_OUT,238954.07,1,Transaction
TXN001095,116,TRANSFER,190021.53,0,Transaction
TXN001096,116,CASH_OUT,339429.4,0,Transaction
TXN001097,116,TRANSFER,476355.54,0,Transaction
TXN001098,117,TRANSFER,385518.62,0,Transaction
TXN001099,117,TRANSFER,43207.98,0,Transaction
TXN001100,117,CASH_OUT,338839.5,1,Transaction
TXN001101,117,TRANSFER,349243.09,0,Transaction
TXN001102,117,CASH_OUT,375084.31,0,Transaction
TXN001103,117,CASH_OUT,304079.4,0,Transaction
TXN001104,117,TRANSFER,419865.06,0,Transaction
TXN001105,118,TRANSFER,125632.85,0,Transaction
TXN001106,118,TRANSFER,107319.91,0,Transaction
TXN001107,118,TRANSFER,258248.98,0,Transaction
TXN001108,118,CASH_OUT,230716.58,1,Transaction
TXN001109,118,TRANSFER,5423.0,0,Transaction
TXN001110,118,TRANSFER,4448.32,0,Transaction
TXN001111,118,TRANSFER,446204.5,0,Transaction
TXN001112,118,CASH_OUT,373798.45,0,Transaction
TXN001113,118,TRANSFER,211106.83,1,Transaction
TXN001114,119,TRANSFER,60277.36,0,Transaction
TXN001115,119,CASH_OUT,390388.41,0,Transaction
TXN001116,119,CASH_OUT,396563.77,0,Transaction
TXN001117,119,CASH_OUT,215402.86,1,Transaction
TXN001118,119,TRANSFER,215047.02,0,Transaction
TXN001119,119,TRANSFER,124429.83,0,Transaction
TXN001120,119,CASH_OUT,305939.12,0,Transaction
TXN001121,119,TRANSFER,137656.96,0,Transaction
TXN001122,119,TRANSFER,190795.97,0,Transaction
TXN001123,119,CASH_OUT,31613.51,0,Transaction
TXN001124,119,TRANSFER,356081.21,0,Transaction
TXN001125,120,TRANSFER,236557.02,1,Transaction
TXN001126,120,TRANSFER,56652.78,0,Transaction
TXN001127,120,CASH_OUT,405207.59,0,Transaction
TXN001128,120,TRANSFER,44528.36,0,Transaction
TXN001129,120,CASH_OUT,408887.17,0,Transaction
TXN001130,120,CASH_OUT,237625.06,0,Transaction
TXN001131,121,TRANSFER,426865.71,0,Transaction
TXN001132,121,TRANSFER,34786.54,0,Transaction
TXN001133,121,TRANSFER,348656.41,1,Transaction
TXN001134,121,CASH_OUT,248017.92,0,Transaction
TXN001135,121,TRANSFER,195733.2,0,Transaction
TXN001136,121,TRANSFER,5421.8,0,Transaction
TXN001137,121,TRANSFER,426385.06,0,Transaction
TXN001138,122,TRANSFER,74921.6,0,Transaction
TXN001139,122,TRANSFER,494778.6,1,Transaction
TXN001140,122,CASH_OUT,162956.37,0,Transaction
TXN001141,122,TRANSFER,148152.77,0,Transaction
TXN001142,122,TRANSFER,89190.88,0,Transaction
TXN001143,122,CASH_OUT,54114.92,0,Transaction
TXN001144,122,CASH_OUT,103873.35,0,Transaction
TXN001145,123,CASH_OUT,116629.85,0,Transaction
TXN001146,123,CASH_OUT,93328.98,0,Transaction
TXN001147,123,TRANSFER,11502.6,0,Transaction
TXN001148,123,TRANSFER,36952.3,0,Transaction
TXN001149,123,CASH_OUT,363655.55,0,Transaction
TXN001150,123,TRANSFER,467404.19,0,Transaction
TXN001151,123,CASH_OUT,478851.23,0,Transaction
TXN001152,124,TRANSFER,446302.76,0,Transaction
TXN001153,124,TRANSFER,272262.84,1,Transaction
TXN001154,124,TRANSFER,71775.68,0,Transaction
TXN001155,124,TRANSFER,113716.31,0,Transaction
TXN001156,124,CASH_OUT,113036.71,0,Transaction
TXN001157,124,TRANSFER,447897.66,0,Transaction
TXN001158,124,CASH_OUT,343893.2,0,Transaction
TXN001159,124,TRANSFER,405548.99,1,Transaction
TXN001160,124,TRANSFER,160807.75,0,Transaction
TXN001161,124,CASH_OUT,289343.6,0,Transaction
TXN001162,124,CASH_OUT,160338.57,0,Transaction
TXN001163,125,CASH_OUT,460880.85,0,Transaction
TXN001164,125,TRANSFER,42725.24,0,Transaction
TXN001165,125,CASH_OUT,118361.34,0,Transaction
TXN001166,125,TRANSFER,460531.15,0,Transaction
TXN001167,125,CASH_OUT,417790.92,0,Transaction
TXN001168,125,TRANSFER,59500.67,0,Transaction
TXN001169,125,CASH_OUT,27987.59,0,Transaction
TXN001170,125,TRANSFER,74296.45,0,Transaction
TXN001171,125,TRANSFER,235412.6,0,Transaction
TXN001172,126,TRANSFER,347928.27,0,Transaction
TXN001173,126,TRANSFER,6422.92,0,Transaction
TXN001174,126,CASH_OUT,459655.96,0,Transaction
TXN001175,126,TRANSFER,371824.23,1,Transaction
TXN001176,126,TRANSFER,421014.78,0,Transaction
TXN001177,126,CASH_OUT,323676.95,1,Transaction
TXN001178,126,TRANSFER,14996.38,0,Transaction
TXN001179,126,TRANSFER,94684.16,0,Transaction
TXN001180,126,TRANSFER,23392.39,0,Transaction
TXN001181,127,TRANSFER,376088.04,0,Transaction
TXN001182,127,TRANSFER,337668.52,0,Transaction
TXN001183,127,TRANSFER,398238.58,0,Transaction
TXN001184,127,TRANSFER,47552.14,0,Transaction
TXN001185,127,CASH_OUT,81362.47,0,Transaction
TXN001186,127,CASH_OUT,171366.23,0,Transaction
TXN001187,128,CASH_OUT,120316.2,0,Transaction
TXN001188,128,CASH_OUT,49605.62,0,Transaction
TXN001189,128,TRANSFER,157545.63,0,Transaction
TXN001190,128,TRANSFER,90413.94,0,Transaction
TXN001191,128,TRANSFER,325495.75,1,Transaction
TXN001192,128,CASH_OUT,201068.67,0,Transaction
TXN001193,128,TRANSFER,42661.78,0,Transaction
TXN001194,128,CASH_OUT,370780.24,0,Transaction
TXN001195,129,TRANSFER,427060.77,0,Transaction
TXN001196,129,TRANSFER,55450.41,0,Transaction
TXN001197,129,CASH_OUT,201358.71,0,Transaction
TXN001198,129,TRANSFER,227834.74,0,Transaction
TXN001199,129,TRANSFER,387328.56,0,Transaction
TXN001200,129,CASH_OUT,476369.86,0,Transaction
TXN001201,129,TRANSFER,149870.06,0,Transaction
TXN001202,129,TRANSFER,415444.0,0,Transaction
TXN001203,129,CASH_OUT,241331.0,0,Transaction
TXN001204,129,TRANSFER,280893.31,0,Transaction
TXN001205,129,CASH_OUT,371675.34,0,Transaction
TXN001206,129,TRANSFER,57689.83,0,Transaction
TXN001207,130,CASH_OUT,317512.23,0,Transaction
TXN001208,130,CASH_OUT,387417.81,0,Transaction
TXN001209,130,TRANSFER,185757.95,0,Transaction
TXN001210,130,TRANSFER,499525.04,0,Transaction
TXN001211,130,TRANSFER,229952.96,0,Transaction
TXN001212,130,TRANSFER,340460.64,0,Transaction
TXN001213,130,CASH_OUT,45729.33,0,Transaction
TXN001214,130,TRANSFER,50751.33,0,Transaction
TXN001215,130,TRANSFER,112216.81,0,Transaction
TXN001216,130,TRANSFER,483840.43,0,Transaction
TXN001217,131,CASH_OUT,391315.83,0,Transaction
TXN001218,131,TRANSFER,450193.44,1,Transaction
TXN001219,131,TRANSFER,410197.16,0,Transaction
TXN001220,131,CASH_OUT,97137.54,0,Transaction
TXN001221,131,CASH_OUT,195815.44,0,Transaction
TXN001222,131,TRANSFER,355302.41,1,Transaction
TXN001223,131,CASH_OUT,458416.02,0,Transaction
TXN001224,131,TRANSFER,385246.08,0,Transaction
TXN001225,131,CASH_OUT,367350.41,0,Transaction
TXN001226,131,TRANSFER,97720.63,0,Transaction
TXN001227,131,CASH_OUT,26822.68,0,Transaction
TXN001228,132,CASH_OUT,230104.73,1,Transaction
TXN001229,132,TRANSFER,422467.18,0,Transaction
TXN001230,132,CASH_OUT,105937.69,0,Transaction
TXN001231,132,CASH_OUT,150078.74,0,Transaction
TXN001232,132,CASH_OUT,496876.05,0,Transaction
TXN001233,132,TRANSFER,97229.78,0,Transaction
TXN001234,133,CASH_OUT,449387.61,1,Transaction
TXN001235,133,TRANSFER,137559.57,0,Transaction
TXN001236,133,CASH_OUT,404696.85,0,Transaction
TXN001237,133,TRANSFER,141260.3,0,Transaction
TXN001238,133,CASH_OUT,476927.28,0,Transaction
TXN001239,133,CASH_OUT,192139.88,0,Transaction
TXN001240,133,CASH_OUT,479090.62,0,Transaction
TXN001241,133,CASH_OUT,58210.33,0,Transaction
TXN001242,133,TRANSFER,186610.18,0,Transaction
TXN001243,133,TRANSFER,233222.94,0,Transaction
TXN001244,134,TRANSFER,280918.39,0,Transaction
TXN001245,134,CASH_OUT,341383.83,0,Transaction
TXN001246,134,TRANSFER,211197.39,0,Transaction
TXN001247,134,TRANSFER,322189.64,0,Transaction
TXN001248,134,TRANSFER,459099.21,0,Transaction
TXN001249,134,TRANSFER,159277.64,0,Transaction
TXN001250,134,CASH_OUT,149923.46,0,Transaction
TXN001251,134,CASH_OUT,52269.06,0,Transaction
TXN001252,134,TRANSFER,218405.55,0,Transaction
TXN001253,135,CASH_OUT,434139.42,0,Transaction
TXN001254,135,CASH_OUT,306762.57,0,Transaction
TXN001255,135,TRANSFER,431085.55,0,Transaction
TXN001256,135,TRANSFER,264266.88,0,Transaction
TXN001257,135,TRANSFER,132642.2,0,Transaction
TXN001258,135,CASH_OUT,428075.87,1,Transaction
TXN001259,135,TRANSFER,234607.05,0,Transaction
TXN001260,135,CASH_OUT,380483.49,0,Transaction
TXN001261,136,TRANSFER,193402.3,0,Transaction
TXN001262,136,TRANSFER,212123.9,0,Transaction
TXN001263,136,TRANSFER,55989.39,0,Transaction
TXN001264,136,TRANSFER,176626.46,0,Transaction
TXN001265,136,TRANSFER,215993.36,0,Transaction
TXN001266,136,TRANSFER,97771.88,0,Transaction
TXN001267,136,TRANSFER,55483.1,0,Transaction
TXN001268,136,TRANSFER,288040.02,0,Transaction
TXN001269,136,CASH_OUT,197049.83,0,Transaction
TXN001270,136,CASH_OUT,174468.92,0,Transaction
TXN001271,137,TRANSFER,311437.06,0,Transaction
TXN001272,137,TRANSFER,166745.5,0,Transaction
TXN001273,137,CASH_OUT,487211.06,0,Transaction
TXN001274,137,TRANSFER,1502.23,0,Transaction
TXN001275,137,TRANSFER,417844.16,0,Transaction
TXN001276,137,TRANSFER,226855.56,0,Transaction
TXN001277,137,TRANSFER,151265.88,0,Transaction
TXN001278,137,CASH_OUT,343206.29,1,Transaction
TXN001279,137,CASH_OUT,179240.01,0,Transaction
TXN001280,137,CASH_OUT,45547.72,0,Transaction
TXN001281,137,TRANSFER,272913.29,0,Transaction
TXN001282,138,TRANSFER,196122.09,0,Transaction
TXN001283,138,TRANSFER,172293.95,0,Transaction
TXN001284,138,TRANSFER,249964.58,0,Transaction
TXN001285,138,CASH_OUT,152519.15,0,Transaction
TXN001286,138,TRANSFER,62594.45,0,Transaction
TXN001287,138,TRANSFER,175758.9,0,Transaction
TXN001288,138,CASH_OUT,356885.35,0,Transaction
TXN001289,139,TRANSFER,125115.52,0,Transaction
TXN001290,139,TRANSFER,298922.36,0,Transaction
TXN001291,139,CASH_OUT,125760.2,0,Transaction
TXN001292,139,TRANSFER,231116.04,0,Transaction
TXN001293,139,TRANSFER,252403.77,0,Transaction
TXN001294,139,TRANSFER,14184.64,0,Transaction
TXN001295,140,CASH_OUT,256591.19,0,Transaction
TXN001296,140,TRANSFER,202068.12,0,Transaction
TXN001297,140,TRANSFER,415117.25,0,Transaction
TXN001298,140,TRANSFER,61599.9,0,Transaction
TXN001299,140,CASH_OUT,281462.58,1,Transaction
TXN001300,140,CASH_OUT,314491.49,0,Transaction
TXN001301,140,CASH_OUT,77358.02,0,Transaction
TXN001302,141,TRANSFER,222464.12,1,Transaction
TXN001303,141,TRANSFER,130875.49,0,Transaction
TXN001304,141,CASH_OUT,11807.28,0,Transaction
TXN001305,141,TRANSFER,100975.17,0,Transaction
TXN001306,141,TRANSFER,138315.49,0,Transaction
TXN001307,141,TRANSFER,229084.06,1,Transaction
TXN001308,141,TRANSFER,310318.35,0,Transaction
TXN001309,142,CASH_OUT,179516.08,0,Transaction
TXN001310,142,TRANSFER,32320.12,0,Transaction
TXN001311,142,CASH_OUT,139891.73,0,Transaction
TXN001312,142,TRANSFER,303315.06,0,Transaction
TXN001313,142,CASH_OUT,294837.2,0,Transaction
TXN001314,142,TRANSFER,116620.45,0,Transaction
TXN001315,142,CASH_OUT,404469.19,0,Transaction
TXN001316,142,TRANSFER,461265.52,0,Transaction
TXN001317,142,CASH_OUT,316015.73,0,Transaction
TXN001318,143,TRANSFER,98663.26,0,Transaction
TXN001319,143,TRANSFER,404527.44,0,Transaction
TXN001320,143,CASH_OUT,446752.21,0,Transaction
TXN001321,143,TRANSFER,321473.96,0,Transaction
TXN001322,143,TRANSFER,426857.38,0,Transaction
TXN001323,143,CASH_OUT,149815.26,0,Transaction
TXN001324,143,CASH_OUT,461214.39,0,Transaction
TXN001325,143,CASH_OUT,121457.8,0,Transaction
TXN001326,143,TRANSFER,291803.48,0,Transaction
TXN001327,144,TRANSFER,30636.59,0,Transaction
TXN001328,144,TRANSFER,118572.98,0,Transaction
TXN001329,144,CASH_OUT,173576.94,0,Transaction
TXN001330,144,CASH_OUT,473353.74,1,Transaction
TXN001331,144,TRANSFER,216326.27,0,Transaction
TXN001332,144,TRANSFER,267558.74,0,Transaction
TXN001333,145,TRANSFER,63493.46,0,Transaction
TXN001334,145,TRANSFER,176542.76,0,Transaction
TXN001335,145,TRANSFER,207119.68,0,Transaction
TXN001336,145,TRANSFER,406498.32,1,Transaction
TXN001337,145,TRANSFER,327949.27,0,Transaction
TXN001338,145,TRANSFER,125849.23,0,Transaction
TXN001339,145,CASH_OUT,222327.38,0,Transaction
TXN001340,145,CASH_OUT,160110.62,0,Transaction
TXN001341,145,TRANSFER,243617.64,0,Transaction
TXN001342,145,TRANSFER,62251.28,0,Transaction
TXN001343,146,CASH_OUT,227427.73,0,Transaction
TXN001344,146,TRANSFER,30800.3,0,Transaction
TXN001345,146,TRANSFER,112999.78,0,Transaction
TXN001346,146,TRANSFER,381735.16,0,Transaction
TXN001347,146,TRANSFER,109055.53,0,Transaction
TXN001348,146,CASH_OUT,376447.96,0,Transaction
TXN001349,147,TRANSFER,359890.88,0,Transaction
TXN001350,147,TRANSFER,141069.37,0,Transaction
TXN001351,147,CASH_OUT,285970.23,0,Transaction
TXN001352,147,TRANSFER,7157.22,0,Transaction
TXN001353,147,CASH_OUT,220514.73,0,Transaction
TXN001354,147,CASH_OUT,469478.29,0,Transaction
TXN001355,147,TRANSFER,130510.86,0,Transaction
TXN001356,147,TRANSFER,58108.83,0,Transaction
TXN001357,147,CASH_OUT,358961.49,0,Transaction
TXN001358,147,TRANSFER,270680.24,0,Transaction
TXN001359,147,TRANSFER,102816.92,0,Transaction
TXN001360,148,TRANSFER,72396.66,0,Transaction
TXN001361,148,TRANSFER,235871.83,0,Transaction
TXN001362,148,TRANSFER,54009.82,0,Transaction
TXN001363,148,CASH_OUT,356707.28,0,Transaction
TXN001364,148,CASH_OUT,40144.04,0,Transaction
TXN001365,148,TRANSFER,274568.28,0,Transaction
TXN001366,148,TRANSFER,262699.59,0,Transaction
TXN001367,148,TRANSFER,488759.9,0,Transaction
TXN001368,148,CASH_OUT,181578.7,0,Transaction
TXN001369,148,CASH_OUT,225035.04,0,Transaction
TXN001370,148,TRANSFER,337378.46,0,Transaction
TXN001371,149,TRANSFER,491640.63,0,Transaction
TXN001372,149,CASH_OUT,209894.18,0,Transaction
TXN001373,149,TRANSFER,345333.24,1,Transaction
TXN001374,149,CASH_OUT,64599.04,0,Transaction
TXN001375,149,TRANSFER,304769.96,0,Transaction
TXN001376,149,CASH_OUT,225427.1,0,Transaction
TXN001377,149,TRANSFER,458254.58,1,Transaction
TXN001378,149,CASH_OUT,325052.98,0,Transaction
TXN001379,150,TRANSFER,247153.44,0,Transaction
TXN001380,150,TRANSFER,159970.57,0,Transaction
TXN001381,150,CASH_OUT,106129.66,0,Transaction
TXN001382,150,CASH_OUT,60156.99,0,Transaction
TXN001383,150,CASH_OUT,494413.98,0,Transaction
TXN001384,150,TRANSFER,377677.5,0,Transaction
TXN001385,150,TRANSFER,185400.74,0,Transaction
TXN001386,150,TRANSFER,148175.85,0,Transaction
TXN001387,150,CASH_OUT,132265.21,0,Transaction
TXN001388,150,CASH_OUT,372394.49,1,Transaction
TXN001389,151,TRANSFER,256909.21,0,Transaction
TXN001390,151,CASH_OUT,397304.5,0,Transaction
TXN001391,151,CASH_OUT,4977.32,0,Transaction
TXN001392,151,CASH_OUT,76565.12,0,Transaction
TXN001393,151,TRANSFER,475465.55,0,Transaction
TXN001394,151,TRANSFER,89879.4,0,Transaction
TXN001395,151,TRANSFER,242632.3,0,Transaction
TXN001396,152,CASH_OUT,196712.82,0,Transaction
TXN001397,152,TRANSFER,382204.37,0,Transaction
TXN001398,152,TRANSFER,330645.82,0,Transaction
TXN001399,152,CASH_OUT,118195.16,0,Transaction
TXN001400,152,CASH_OUT,131541.02,0,Transaction
TXN001401,152,TRANSFER,134890.3,0,Transaction
TXN001402,152,CASH_OUT,286680.34,0,Transaction
TXN001403,153,CASH_OUT,475189.0,0,Transaction
TXN001404,153,TRANSFER,32668.93,0,Transaction
TXN001405,153,TRANSFER,430001.7,0,Transaction
TXN001406,153,TRANSFER,470066.88,1,Transaction
TXN001407,153,CASH_OUT,22100.3,0,Transaction
TXN001408,153,CASH_OUT,375207.78,0,Transaction
TXN001409,153,CASH_OUT,37871.23,0,Transaction
TXN001410,153,TRANSFER,302831.06,0,Transaction
TXN001411,153,TRANSFER,213151.2,0,Transaction
TXN001412,153,TRANSFER,146328.09,0,Transaction
TXN001413,154,TRANSFER,253790.16,0,Transaction
TXN001414,154,CASH_OUT,226682.91,1,Transaction
TXN001415,154,CASH_OUT,55365.28,0,Transaction
TXN001416,154,CASH_OUT,104633.23,0,Transaction
TXN001417,154,TRANSFER,262179.43,0,Transaction
TXN001418,154,TRANSFER,417327.39,0,Transaction
TXN001419,154,CASH_OUT,281642.34,0,Transaction
TXN001420,154,TRANSFER,277848.82,0,Transaction
TXN001421,154,TRANSFER,7798.64,0,Transaction
TXN001422,154,TRANSFER,248097.08,0,Transaction
TXN001423,155,TRANSFER,218304.22,0,Transaction
TXN001424,155,TRANSFER,325460.14,0,Transaction
TXN001425,155,CASH_OUT,126368.44,0,Transaction
TXN001426,155,CASH_OUT,82954.87,0,Transaction
TXN001427,155,TRANSFER,496661.85,0,Transaction
TXN001428,155,TRANSFER,312861.41,1,Transaction
TXN001429,155,CASH_OUT,464011.87,0,Transaction
TXN001430,155,CASH_OUT,202230.91,0,Transaction
TXN001431,155,TRANSFER,140712.78,0,Transaction
TXN001432,155,CASH_OUT,165749.93,0,Transaction
TXN001433,155,TRANSFER,454705.64,1,Transaction
TXN001434,155,TRANSFER,74099.34,0,Transaction
TXN001435,156,TRANSFER,213277.46,0,Transaction
TXN001436,156,TRANSFER,353416.05,0,Transaction
TXN001437,156,TRANSFER,472799.48,0,Transaction
TXN001438,156,CASH_OUT,342998.42,0,Transaction
TXN001439,156,TRANSFER,335349.51,0,Transaction
TXN001440,156,CASH_OUT,466663.03,0,Transaction
TXN001441,156,TRANSFER,455609.34,0,Transaction
TXN001442,156,TRANSFER,199748.71,0,Transaction
TXN001443,157,CASH_OUT,463859.84,0,Transaction
TXN001444,157,TRANSFER,20058.6,0,Transaction
TXN001445,157,TRANSFER,42329.49,0,Transaction
TXN001446,157,TRANSFER,429087.26,0,Transaction
TXN001447,157,CASH_OUT,448970.5,0,Transaction
TXN001448,157,TRANSFER,208772.99,1,Transaction
TXN001449,157,TRANSFER,134051.33,0,Transaction
TXN001450,157,CASH_OUT,318014.56,0,Transaction
TXN001451,158,TRANSFER,43961.52,0,Transaction
TXN001452,158,CASH_OUT,159433.14,0,Transaction
TXN001453,158,TRANSFER,230714.2,0,Transaction
TXN001454,158,CASH_OUT,67234.67,0,Transaction
TXN001455,158,TRANSFER,113754.23,0,Transaction
TXN001456,158,TRANSFER,133008.03,0,Transaction
TXN001457,158,TRANSFER,343832.9,0,Transaction
TXN001458,158,TRANSFER,217492.85,0,Transaction
TXN001459,158,TRANSFER,397353.22,0,Transaction
TXN001460,158,TRANSFER,329507.76,1,Transaction
TXN001461,159,TRANSFER,450736.17,1,Transaction
TXN001462,159,TRANSFER,168021.53,0,Transaction
TXN001463,159,CASH_OUT,93894.2,0,Transaction
TXN001464,159,TRANSFER,200267.41,0,Transaction
TXN001465,159,TRANSFER,485412.07,0,Transaction
TXN001466,159,TRANSFER,477036.99,1,Transaction
TXN001467,159,TRANSFER,471480.32,0,Transaction
TXN001468,159,TRANSFER,485192.24,0,Transaction
TXN001469,159,TRANSFER,74598.01,0,Transaction
TXN001470,159,TRANSFER,45993.28,0,Transaction
TXN001471,160,CASH_OUT,50856.82,0,Transaction
TXN001472,160,TRANSFER,353405.83,1,Transaction
TXN001473,160,TRANSFER,386856.96,0,Transaction
TXN001474,160,TRANSFER,244666.36,0,Transaction
TXN001475,160,CASH_OUT,170585.62,0,Transaction
TXN001476,160,CASH_OUT,250474.89,0,Transaction
TXN001477,160,TRANSFER,156234.94,0,Transaction
TXN001478,160,TRANSFER,341487.55,0,Transaction
TXN001479,160,CASH_OUT,401971.58,0,Transaction
TXN001480,160,TRANSFER,211806.08,0,Transaction
TXN001481,160,TRANSFER,237300.1,0,Transaction
TXN001482,160,CASH_OUT,435286.83,1,Transaction
TXN001483,161,CASH_OUT,364086.75,1,Transaction
TXN001484,161,TRANSFER,184184.96,0,Transaction
TXN001485,161,TRANSFER,409765.5,0,Transaction
TXN001486,161,TRANSFER,298293.67,1,Transaction
TXN001487,161,CASH_OUT,48191.71,0,Transaction
TXN001488,161,TRANSFER,344806.99,0,Transaction
TXN001489,161,CASH_OUT,39191.54,0,Transaction
TXN001490,161,CASH_OUT,191574.58,0,Transaction
TXN001491,161,CASH_OUT,12169.35,0,Transaction
TXN001492,161,CASH_OUT,482614.87,0,Transaction
TXN001493,161,CASH_OUT,347434.31,0,Transaction
TXN001494,162,TRANSFER,251279.98,0,Transaction
TXN001495,162,TRANSFER,391243.24,0,Transaction
TXN001496,162,CASH_OUT,113187.56,0,Transaction
TXN001497,162,CASH_OUT,294369.17,0,Transaction
TXN001498,162,CASH_OUT,173836.79,0,Transaction
TXN001499,162,CASH_OUT,336819.99,1,Transaction
TXN001500,162,CASH_OUT,492488.65,0,Transaction
TXN001501,162,TRANSFER,234222.67,0,Transaction
TXN001502,162,CASH_OUT,375942.82,0,Transaction
TXN001503,163,CASH_OUT,49392.93,0,Transaction
TXN001504,163,CASH_OUT,388984.82,0,Transaction
TXN001505,163,CASH_OUT,160382.35,0,Transaction
TXN001506,163,CASH_OUT,251650.03,0,Transaction
TXN001507,163,CASH_OUT,79326.93,0,Transaction
TXN001508,163,TRANSFER,86963.06,0,Transaction
TXN001509,163,CASH_OUT,15491.46,0,Transaction
TXN001510,163,TRANSFER,204978.86,0,Transaction
TXN001511,163,CASH_OUT,12337.04,0,Transaction
TXN001512,164,CASH_OUT,229426.68,0,Transaction
TXN001513,164,CASH_OUT,33341.6,0,Transaction
TXN001514,164,TRANSFER,398580.02,0,Transaction
TXN001515,164,CASH_OUT,123186.86,0,Transaction
TXN001516,164,CASH_OUT,497771.74,1,Transaction
TXN001517,164,TRANSFER,61370.01,0,Transaction
TXN001518,164,TRANSFER,30833.35,0,Transaction
TXN001519,164,CASH_OUT,463767.56,0,Transaction
TXN001520,164,TRANSFER,377035.35,0,Transaction
TXN001521,165,TRANSFER,132989.34,0,Transaction
TXN001522,165,TRANSFER,378733.31,0,Transaction
TXN001523,165,TRANSFER,18836.58,0,Transaction
TXN001524,165,TRANSFER,146317.93,0,Transaction
TXN001525,165,CASH_OUT,148144.93,0,Transaction
TXN001526,165,TRANSFER,318744.4,0,Transaction
TXN001527,165,CASH_OUT,372983.16,0,Transaction
TXN001528,165,TRANSFER,426452.63,0,Transaction
TXN001529,166,CASH_OUT,448669.67,0,Transaction
TXN001530,166,TRANSFER,389229.17,0,Transaction
TXN001531,166,TRANSFER,423027.22,0,Transaction
TXN001532,166,TRANSFER,476062.11,0,Transaction
TXN001533,166,CASH_OUT,223869.79,0,Transaction
TXN001534,166,TRANSFER,345129.09,1,Transaction
TXN001535,166,CASH_OUT,95817.07,0,Transaction
TXN001536,166,CASH_OUT,114565.54,0,Transaction
TXN001537,166,TRANSFER,160110.31,0,Transaction
TXN001538,167,TRANSFER,295098.56,0,Transaction
TXN001539,167,TRANSFER,388920.54,0,Transaction
TXN001540,167,TRANSFER,301075.72,0,Transaction
TXN001541,167,TRANSFER,125261.98,0,Transaction
TXN001542,167,TRANSFER,472902.81,0,Transaction
TXN001543,167,TRANSFER,216575.44,0,Transaction
TXN001544,168,CASH_OUT,381663.47,0,Transaction
TXN001545,168,TRANSFER,105935.67,0,Transaction
TXN001546,168,TRANSFER,305451.49,0,Transaction
TXN001547,168,CASH_OUT,115133.08,0,Transaction
TXN001548,168,CASH_OUT,363628.11,0,Transaction
TXN001549,168,CASH_OUT,470053.67,0,Transaction
TXN001550,168,TRANSFER,409448.0,0,Transaction
TXN001551,168,CASH_OUT,163516.88,0,Transaction
TXN001552,168,TRANSFER,54310.45,0,Transaction
TXN001553,168,TRANSFER,390832.74,0,Transaction
TXN001554,168,TRANSFER,51618.52,0,Transaction
