:START_ID,:END_ID,:TYPE,newbalanceDest:float,isFraud:int
TXN000001,M4431078106,RECEIVED_BY,21751.16,0
TXN000002,C4239406957,RECEIVED_BY,119463.41,0
TXN000003,C6464693977,RECEIVED_BY,0.0,1
TXN000004,M3367665472,RECEIVED_BY,416129.27,0
TXN000005,M2962491159,RECEIVED_BY,3613.46,0
TXN000006,M4735334423,RECEIVED_BY,0.0,1
TXN000007,C9410288290,RECEIVED_BY,106652.24,0
TXN000008,M7628981661,RECEIVED_BY,0.0,1
TXN000009,C5160575046,RECEIVED_BY,297523.16,0
TXN000010,M3734252963,RECEIVED_BY,303108.28,0
TXN000011,C6241752544,RECEIVED_BY,25834.87,0
TXN000012,C2079770569,RECEIVED_BY,34161.41,0
TXN000013,C4590711152,RECEIVED_BY,0.0,1
TXN000014,M7576309274,RECEIVED_BY,57303.74,0
TXN000015,C4289233844,RECEIVED_BY,388231.8,0
TXN000016,M4574027737,RECEIVED_BY,7361.64,0
TXN000017,C1939042955,RECEIVED_BY,65233.25,0
TXN000018,C8293453178,RECEIVED_BY,0.0,1
TXN000019,C1667779376,RECEIVED_BY,4719.74,0
TXN000020,M3358880404,RECEIVED_BY,0.0,1
TXN000021,C3615507143,RECEIVED_BY,75800.94,0
TXN000022,C7462972995,RECEIVED_BY,28977.65,0
TXN000023,M6341783555,RECEIVED_BY,178395.64,0
TXN000024,C1855256552,RECEIVED_BY,149665.64,0
TXN000025,M7981077394,RECEIVED_BY,35108.93,0
TXN000026,C2445662585,RECEIVED_BY,245728.29,0
TXN000027,M2178884276,RECEIVED_BY,8333.51,0
TXN000028,C6065662867,RECEIVED_BY,134400.7,0
TXN000029,C1104906255,RECEIVED_BY,259377.32,0
TXN000030,M6369130994,RECEIVED_BY,291550.37,0
TXN000031,C3030106617,RECEIVED_BY,61724.2,0
TXN000032,M5492496998,RECEIVED_BY,36936.53,0
TXN000033,C3693985578,RECEIVED_BY,225210.92,0
TXN000034,C3294092753,RECEIVED_BY,45826.38,0
TXN000035,C5972484792,RECEIVED_BY,104687.02,0
TXN000036,C2812140441,RECEIVED_BY,20778.48,0
TXN000037,C6928691380,RECEIVED_BY,263004.21,0
TXN000038,C4131575764,RECEIVED_BY,86868.12,0
TXN000039,C2465576748,RECEIVED_BY,62307.4,0
TXN000040,C1367704871,RECEIVED_BY,100700.65,0
TXN000041,C6923301988,RECEIVED_BY,30014.84,0
TXN000042,C1116402431,RECEIVED_BY,246048.13,0
TXN000043,M4776677517,RECEIVED_BY,9073.91,0
TXN000044,C6317189421,RECEIVED_BY,268166.03,0
TXN000045,M7576309274,RECEIVED_BY,312510.52,0
TXN000046,C8293453178,RECEIVED_BY,111235.27,0
TXN000047,C4026113008,RECEIVED_BY,119263.34,0
TXN000048,M2905584866,RECEIVED_BY,184029.99,0
TXN000049,M4403845222,RECEIVED_BY,49220.97,0
TXN000050,C9080621072,RECEIVED_BY,19227.02,0
TXN000051,C8721631198,RECEIVED_BY,22692.13,0
TXN000052,C7665963761,RECEIVED_BY,0.0,1
TXN000053,C3553440342,RECEIVED_BY,316252.2,0
TXN000054,C2145921803,RECEIVED_BY,103164.39,0
TXN000055,C5310195918,RECEIVED_BY,35769.74,0
TXN000056,M5492496998,RECEIVED_BY,24220.85,0
TXN000057,C5161807235,RECEIVED_BY,32933.59,0
TXN000058,C1958682846,RECEIVED_BY,133916.56,0
TXN000059,M9035194895,RECEIVED_BY,157110.27,0
TXN000060,M2388450337,RECEIVED_BY,91513.13,0
TXN000061,C2274350418,RECEIVED_BY,125448.34,0
TXN000062,C7519578899,RECEIVED_BY,122042.75,0
TXN000063,M5975196341,RECEIVED_BY,162081.58,0
TXN000064,M8293928340,RECEIVED_BY,39076.38,0
TXN000065,M4264134512,RECEIVED_BY,165444.71,0
TXN000066,C7597996327,RECEIVED_BY,44484.61,0
TXN000067,C1795212538,RECEIVED_BY,6446.81,0
TXN000068,M5975196341,RECEIVED_BY,343919.43,0
TXN000069,C5837082260,RECEIVED_BY,364935.22,0
TXN000070,C4460967357,RECEIVED_BY,0.0,1
TXN000071,M3362646960,RECEIVED_BY,92142.59,0
TXN000072,C7292076361,RECEIVED_BY,49453.4,0
TXN000073,C7166868574,RECEIVED_BY,176412.51,0
TXN000074,C6884882440,RECEIVED_BY,108723.91,0
TXN000075,M5975196341,RECEIVED_BY,18811.18,0
TXN000076,C7539399243,RECEIVED_BY,0.0,1
TXN000077,C2812140441,RECEIVED_BY,957.94,0
TXN000078,M6554972315,RECEIVED_BY,67873.08,0
TXN000079,M5482431018,RECEIVED_BY,60008.76,0
TXN000080,C3196545325,RECEIVED_BY,117775.72,0
TXN000081,C6649827836,RECEIVED_BY,299178.92,0
TXN000082,C3294092753,RECEIVED_BY,106590.4,0
TXN000083,C7887950851,RECEIVED_BY,158179.33,0
TXN000084,C7825844140,RECEIVED_BY,123851.29,0
TXN000085,M3075362821,RECEIVED_BY,0.0,1
TXN000086,M7576309274,RECEIVED_BY,7720.8,0
TXN000087,C2591589823,RECEIVED_BY,21915.77,0
TXN000088,C9963334018,RECEIVED_BY,65450.17,0
TXN000089,C6756711494,RECEIVED_BY,70488.63,0
TXN000090,C5306459450,RECEIVED_BY,188644.65,0
TXN000091,C3875303857,RECEIVED_BY,193287.14,0
TXN000092,M8293928340,RECEIVED_BY,243345.89,0
TXN000093,C6231117883,RECEIVED_BY,4323.32,0
TXN000094,C8868054898,RECEIVED_BY,25815.66,0
TXN000095,C3051831252,RECEIVED_BY,142877.26,0
TXN000096,M3791027186,RECEIVED_BY,130524.97,0
TXN000097,C1674555072,RECEIVED_BY,58899.92,0
TXN000098,C7792729530,RECEIVED_BY,293831.56,0
TXN000099,C5748253283,RECEIVED_BY,56168.24,0
TXN000100,C3746317213,RECEIVED_BY,32020.71,0
TXN000101,C7292076361,RECEIVED_BY,168821.37,0
TXN000102,M6313758032,RECEIVED_BY,32191.53,0
TXN000103,C5067116918,RECEIVED_BY,115253.7,0
TXN000104,M7829772942,RECEIVED_BY,31607.6,0
TXN000105,C3849232839,RECEIVED_BY,455106.91,0
TXN000106,M2178884276,RECEIVED_BY,78249.99,0
TXN000107,C6928691380,RECEIVED_BY,6350.89,0
TXN000108,M5243939720,RECEIVED_BY,23134.64,0
TXN000109,M9354542654,RECEIVED_BY,308273.55,0
TXN000110,C9697354961,RECEIVED_BY,20998.5,0
TXN000111,C8261111839,RECEIVED_BY,134131.67,0
TXN000112,M7961674558,RECEIVED_BY,29297.01,0
TXN000113,C9155819200,RECEIVED_BY,0.0,1
TXN000114,M1614685938,RECEIVED_BY,98607.09,0
TXN000115,M8275679594,RECEIVED_BY,217509.29,0
TXN000116,C7292076361,RECEIVED_BY,201092.71,0
TXN000117,C6272000062,RECEIVED_BY,282550.13,0
TXN000118,M2178884276,RECEIVED_BY,0.0,1
TXN000119,M7763765757,RECEIVED_BY,17515.92,0
TXN000120,C8531118333,RECEIVED_BY,285292.34,0
TXN000121,C9410288290,RECEIVED_BY,85757.72,0
TXN000122,C3316787198,RECEIVED_BY,132644.2,0
TXN000123,M7475684019,RECEIVED_BY,170455.41,0
TXN000124,M2268006448,RECEIVED_BY,33109.08,0
TXN000125,C2948728483,RECEIVED_BY,113295.89,0
TXN000126,C3849232839,RECEIVED_BY,1737.95,0
TXN000127,M5283911723,RECEIVED_BY,29222.53,0
TXN000128,M1614685938,RECEIVED_BY,0.0,1
TXN000129,M5243939720,RECEIVED_BY,24092.02,0
TXN000130,C2445662585,RECEIVED_BY,430616.75,0
TXN000131,C9623534576,RECEIVED_BY,146416.35,0
TXN000132,C4550353803,RECEIVED_BY,63344.69,0
TXN000133,M6645808194,RECEIVED_BY,466982.56,0
TXN000134,M9354542654,RECEIVED_BY,139173.26,0
TXN000135,C9677466102,RECEIVED_BY,0.0,1
TXN000136,C9639245200,RECEIVED_BY,107622.73,0
TXN000137,M6777263354,RECEIVED_BY,243422.0,0
TXN000138,M4264134512,RECEIVED_BY,95975.81,0
TXN000139,M4776677517,RECEIVED_BY,130425.21,0
TXN000140,C5160575046,RECEIVED_BY,9817.82,0
TXN000141,C4178659381,RECEIVED_BY,362286.45,0
TXN000142,C6687206971,RECEIVED_BY,89525.28,0
TXN000143,M8925520026,RECEIVED_BY,246057.16,0
TXN000144,M2268006448,RECEIVED_BY,20369.33,0
TXN000145,M4419410162,RECEIVED_BY,39429.58,0
TXN000146,C7625464411,RECEIVED_BY,37507.04,0
TXN000147,C4070964768,RECEIVED_BY,24054.67,0
TXN000148,M8274273035,RECEIVED_BY,0.0,1
TXN000149,C9786748825,RECEIVED_BY,14831.51,0
TXN000150,C5010075517,RECEIVED_BY,123653.57,0
TXN000151,M6313758032,RECEIVED_BY,0.0,1
TXN000152,M4419410162,RECEIVED_BY,192942.06,0
TXN000153,C9703905715,RECEIVED_BY,88006.91,0
TXN000154,C9303285822,RECEIVED_BY,72761.16,0
TXN000155,C9229469952,RECEIVED_BY,31504.44,0
TXN000156,M2268006448,RECEIVED_BY,0.0,1
TXN000157,C3878201524,RECEIVED_BY,8436.53,0
TXN000158,M4403845222,RECEIVED_BY,90336.48,0
TXN000159,M7628981661,RECEIVED_BY,81828.63,0
TXN000160,M8270110908,RECEIVED_BY,179079.56,0
TXN000161,C7292076361,RECEIVED_BY,110125.39,0
TXN000162,C3836517266,RECEIVED_BY,4208.36,0
TXN000163,C6687206971,RECEIVED_BY,64342.2,0
TXN000164,C2137651678,RECEIVED_BY,0.0,1
TXN000165,C5996775663,RECEIVED_BY,68731.84,0
TXN000166,C9155819200,RECEIVED_BY,32256.38,0
TXN000167,C9935429720,RECEIVED_BY,49079.37,0
TXN000168,M7608153267,RECEIVED_BY,68600.69,0
TXN000169,C3691864041,RECEIVED_BY,23571.01,0
TXN000170,M1662976399,RECEIVED_BY,17650.71,0
TXN000171,C8826851692,RECEIVED_BY,82872.48,0
TXN000172,M7818568548,RECEIVED_BY,230525.97,0
TXN000173,M4921003983,RECEIVED_BY,0.0,1
TXN000174,C5078551333,RECEIVED_BY,415482.76,0
TXN000175,C3746317213,RECEIVED_BY,146231.15,0
TXN000176,C1367704871,RECEIVED_BY,210461.08,0
TXN000177,C2812140441,RECEIVED_BY,5007.2,0
TXN000178,C7311011808,RECEIVED_BY,198166.38,0
TXN000179,C8868054898,RECEIVED_BY,100922.48,0
TXN000180,C7803990970,RECEIVED_BY,419801.28,0
TXN000181,M4264134512,RECEIVED_BY,129408.78,0
TXN000182,C2079770569,RECEIVED_BY,37420.34,0
TXN000183,C5268845844,RECEIVED_BY,0.0,1
TXN000184,C4070964768,RECEIVED_BY,5157.72,0
TXN000185,C1322401182,RECEIVED_BY,231578.32,0
TXN000186,M6554972315,RECEIVED_BY,23306.42,0
TXN000187,C6241752544,RECEIVED_BY,23310.56,0
TXN000188,C4658080160,RECEIVED_BY,5894.17,0
TXN000189,C8982597239,RECEIVED_BY,162267.38,0
TXN000190,C1798112150,RECEIVED_BY,253955.7,0
TXN000191,M1158998032,RECEIVED_BY,16698.51,0
TXN000192,C2351531223,RECEIVED_BY,52427.65,0
TXN000193,C2137651678,RECEIVED_BY,3688.18,0
TXN000194,C9438411468,RECEIVED_BY,76769.95,0
TXN000195,C1311570307,RECEIVED_BY,104041.27,0
TXN000196,C1798112150,RECEIVED_BY,165163.89,0
TXN000197,C9155819200,RECEIVED_BY,185318.48,0
TXN000198,C1083651970,RECEIVED_BY,104931.57,0
TXN000199,C4882343658,RECEIVED_BY,71899.49,0
TXN000200,M5933179746,RECEIVED_BY,0.0,1
TXN000201,M8372755146,RECEIVED_BY,157493.78,0
TXN000202,C3783290795,RECEIVED_BY,204546.46,0
TXN000203,M7666869046,RECEIVED_BY,0.0,1
TXN000204,M4419410162,RECEIVED_BY,137976.99,0
TXN000205,M4419410162,RECEIVED_BY,0.0,1
TXN000206,C6122110529,RECEIVED_BY,198373.25,0
TXN000207,M3791027186,RECEIVED_BY,11958.38,0
TXN000208,M4403845222,RECEIVED_BY,51536.55,0
TXN000209,M8779941999,RECEIVED_BY,459218.51,0
TXN000210,C4311931853,RECEIVED_BY,89730.9,0
TXN000211,C7539399243,RECEIVED_BY,0.0,1
TXN000212,M1678500147,RECEIVED_BY,51677.63,0
TXN000213,C4696689457,RECEIVED_BY,113560.97,0
TXN000214,C3880327491,RECEIVED_BY,3071.74,0
TXN000215,C2812140441,RECEIVED_BY,83854.33,0
TXN000216,C3792347639,RECEIVED_BY,43143.78,0
TXN000217,C6715705115,RECEIVED_BY,61781.97,0
TXN000218,C1367704871,RECEIVED_BY,69726.4,0
TXN000219,M5975196341,RECEIVED_BY,18393.69,0
TXN000220,C5659161352,RECEIVED_BY,145327.75,0
TXN000221,C8987073217,RECEIVED_BY,0.0,1
TXN000222,C1955345537,RECEIVED_BY,182745.58,0
TXN000223,M6313758032,RECEIVED_BY,41206.44,0
TXN000224,C1667779376,RECEIVED_BY,23238.34,0
TXN000225,C3987248494,RECEIVED_BY,0.0,1
TXN000226,M7961674558,RECEIVED_BY,11890.64,0
TXN000227,M7818568548,RECEIVED_BY,169064.01,0
TXN000228,C5774080233,RECEIVED_BY,228138.1,0
TXN000229,C1104906255,RECEIVED_BY,17319.86,0
TXN000230,C3316787198,RECEIVED_BY,45719.77,0
TXN000231,M8275679594,RECEIVED_BY,0.0,1
TXN000232,M5933179746,RECEIVED_BY,108274.22,0
TXN000233,M3075362821,RECEIVED_BY,124556.42,0
TXN000234,C2181241943,RECEIVED_BY,177237.88,0
TXN000235,C9697354961,RECEIVED_BY,0.0,1
TXN000236,M5212581851,RECEIVED_BY,411651.19,0
TXN000237,M7608153267,RECEIVED_BY,95983.63,0
TXN000238,C4248149900,RECEIVED_BY,19719.7,0
TXN000239,C1519709079,RECEIVED_BY,44753.13,0
TXN000240,M7628981661,RECEIVED_BY,22011.91,0
TXN000241,M8925520026,RECEIVED_BY,138089.06,0
TXN000242,M4264134512,RECEIVED_BY,46729.61,0
TXN000243,C4163119785,RECEIVED_BY,147008.73,0
TXN000244,C8110054933,RECEIVED_BY,322134.45,0
TXN000245,C8313706299,RECEIVED_BY,4207.52,0
TXN000246,M6341783555,RECEIVED_BY,215864.6,0
TXN000247,M5975196341,RECEIVED_BY,362634.61,0
TXN000248,C2079770569,RECEIVED_BY,25824.4,0
TXN000249,M2953462417,RECEIVED_BY,219576.45,0
TXN000250,C2079770569,RECEIVED_BY,26950.38,0
TXN000251,C7575259637,RECEIVED_BY,293470.2,0
TXN000252,C1654477195,RECEIVED_BY,263302.27,0
TXN000253,C2812140441,RECEIVED_BY,16475.32,0
TXN000254,C9229469952,RECEIVED_BY,0.0,1
TXN000255,C6649827836,RECEIVED_BY,31626.38,0
TXN000256,M9929101065,RECEIVED_BY,20992.39,0
TXN000257,M4776677517,RECEIVED_BY,12988.92,0
TXN000258,C9963334018,RECEIVED_BY,42512.32,0
TXN000259,C8331319481,RECEIVED_BY,97744.02,0
TXN000260,C6756332150,RECEIVED_BY,88096.82,0
TXN000261,C6928691380,RECEIVED_BY,129331.49,0
TXN000262,C2591589823,RECEIVED_BY,866.58,0
TXN000263,M9250327663,RECEIVED_BY,32682.61,0
TXN000264,M8122042835,RECEIVED_BY,154261.47,0
TXN000265,M4403845222,RECEIVED_BY,168691.18,0
TXN000266,C7049001493,RECEIVED_BY,9992.05,0
TXN000267,M9744120054,RECEIVED_BY,2805.85,0
TXN000268,C6704841644,RECEIVED_BY,57894.63,0
TXN000269,M7666869046,RECEIVED_BY,974.53,0
TXN000270,C5736462531,RECEIVED_BY,1468.41,0
TXN000271,M4776677517,RECEIVED_BY,29967.93,0
TXN000272,C6204041308,RECEIVED_BY,154901.44,0
TXN000273,M2962491159,RECEIVED_BY,16677.42,0
TXN000274,M7750819485,RECEIVED_BY,151085.45,0
TXN000275,C2812140441,RECEIVED_BY,7510.39,0
TXN000276,C4877520294,RECEIVED_BY,47181.3,0
TXN000277,C2867302554,RECEIVED_BY,14030.4,0
TXN000278,C7635473142,RECEIVED_BY,72643.14,0
TXN000279,C8370987661,RECEIVED_BY,350578.58,0
TXN000280,M3358880404,RECEIVED_BY,0.0,1
TXN000281,M4102872611,RECEIVED_BY,120393.4,0
TXN000282,M8543865915,RECEIVED_BY,10720.11,0
TXN000283,C4696689457,RECEIVED_BY,3146.69,0
TXN000284,M2962491159,RECEIVED_BY,87978.64,0
TXN000285,M7666869046,RECEIVED_BY,4495.42,0
TXN000286,C6288227800,RECEIVED_BY,4313.13,0
TXN000287,C9677466102,RECEIVED_BY,142793.13,0
TXN000288,C9916336966,RECEIVED_BY,80259.64,0
TXN000289,C2227193073,RECEIVED_BY,258286.52,0
TXN000290,C9196564761,RECEIVED_BY,6340.65,0
TXN000291,M4574027737,RECEIVED_BY,71651.19,0
TXN000292,C6241752544,RECEIVED_BY,89191.1,0
TXN000293,M4574027737,RECEIVED_BY,53767.43,0
TXN000294,C9633533290,RECEIVED_BY,72791.2,0
TXN000295,C4163119785,RECEIVED_BY,248626.66,0
TXN000296,C2178158203,RECEIVED_BY,59870.87,0
TXN000297,C2047905204,RECEIVED_BY,69006.8,0
TXN000298,M1614685938,RECEIVED_BY,69037.5,0
TXN000299,C6317189421,RECEIVED_BY,142811.81,0
TXN000300,C5710360983,RECEIVED_BY,97692.74,0
TXN000301,M3365835550,RECEIVED_BY,57658.24,0
TXN000302,C8110054933,RECEIVED_BY,137996.13,0
TXN000303,C6884882440,RECEIVED_BY,126713.62,0
TXN000304,C3710566582,RECEIVED_BY,241556.33,0
TXN000305,C8943866829,RECEIVED_BY,24017.01,0
TXN000306,C1939042955,RECEIVED_BY,178672.67,0
TXN000307,M4264134512,RECEIVED_BY,151524.51,0
TXN000308,C7418301077,RECEIVED_BY,16319.63,0
TXN000309,C5010075517,RECEIVED_BY,25947.42,0
TXN000310,C8086172302,RECEIVED_BY,2470.94,0
TXN000311,M8880079328,RECEIVED_BY,31524.36,0
TXN000312,M3995732958,RECEIVED_BY,104054.88,0
TXN000313,M4735334423,RECEIVED_BY,48797.02,0
TXN000314,C4070964768,RECEIVED_BY,21197.5,0
TXN000315,C2232285036,RECEIVED_BY,408107.86,0
TXN000316,M6313758032,RECEIVED_BY,206497.85,0
TXN000317,C5693307665,RECEIVED_BY,279325.78,0
TXN000318,C3710566582,RECEIVED_BY,0.0,1
TXN000319,C4405620755,RECEIVED_BY,23914.46,0
TXN000320,M1625217504,RECEIVED_BY,55041.34,0
TXN000321,C8261111839,RECEIVED_BY,0.0,1
TXN000322,C1392245997,RECEIVED_BY,0.0,1
TXN000323,M8779941999,RECEIVED_BY,251157.61,0
TXN000324,C5067116918,RECEIVED_BY,122499.44,0
TXN000325,M3734252963,RECEIVED_BY,80457.36,0
TXN000326,M4207337120,RECEIVED_BY,97852.81,0
TXN000327,C3343292475,RECEIVED_BY,87434.31,0
TXN000328,C1392245997,RECEIVED_BY,0.0,1
TXN000329,M2905584866,RECEIVED_BY,115036.26,0
TXN000330,C3555656321,RECEIVED_BY,6307.45,0
TXN000331,C6237376063,RECEIVED_BY,135604.24,0
TXN000332,C6317189421,RECEIVED_BY,165342.68,0
TXN000333,M7751356568,RECEIVED_BY,2289.19,0
TXN000334,M3367665472,RECEIVED_BY,132697.76,0
TXN000335,M9250327663,RECEIVED_BY,3858.16,0
TXN000336,C1674555072,RECEIVED_BY,112189.31,0
TXN000337,C6204041308,RECEIVED_BY,0.0,1
TXN000338,C7597996327,RECEIVED_BY,192434.46,0
TXN000339,C6715705115,RECEIVED_BY,107107.2,0
TXN000340,M7666869046,RECEIVED_BY,0.0,1
TXN000341,M7750819485,RECEIVED_BY,339834.85,0
TXN000342,C9196564761,RECEIVED_BY,10653.82,0
TXN000343,C9908115095,RECEIVED_BY,179914.9,0
TXN000344,C4518871744,RECEIVED_BY,11692.4,0
TXN000345,C8664882079,RECEIVED_BY,105240.32,0
TXN000346,C4696689457,RECEIVED_BY,86477.23,0
TXN000347,C9421518487,RECEIVED_BY,56529.81,0
TXN000348,C3597724331,RECEIVED_BY,205555.45,0
TXN000349,C4853479481,RECEIVED_BY,13070.25,0
TXN000350,C6317189421,RECEIVED_BY,71150.29,0
TXN000351,C8093179263,RECEIVED_BY,62426.3,0
TXN000352,C1546696950,RECEIVED_BY,0.0,1
TXN000353,C3343292475,RECEIVED_BY,0.0,1
TXN000354,C8578226896,RECEIVED_BY,0.0,1
TXN000355,C8429141456,RECEIVED_BY,109031.35,0
TXN000356,M6313758032,RECEIVED_BY,178813.8,0
TXN000357,C1127978094,RECEIVED_BY,214564.01,0
TXN000358,C5710360983,RECEIVED_BY,145165.4,0
TXN000359,M6369130994,RECEIVED_BY,2650.45,0
TXN000360,C5837082260,RECEIVED_BY,26121.78,0
TXN000361,M6369130994,RECEIVED_BY,32004.92,0
TXN000362,M3358880404,RECEIVED_BY,201118.95,0
TXN000363,C6698759353,RECEIVED_BY,78035.67,0
TXN000364,C3980491761,RECEIVED_BY,111471.76,0
TXN000365,M7666869046,RECEIVED_BY,0.0,1
TXN000366,M9744120054,RECEIVED_BY,49339.97,0
TXN000367,C7271954644,RECEIVED_BY,38094.05,0
TXN000368,C4163119785,RECEIVED_BY,145327.42,0
TXN000369,M8493451569,RECEIVED_BY,88774.86,0
TXN000370,C1594312071,RECEIVED_BY,45239.54,0
TXN000371,M1400330495,RECEIVED_BY,25462.47,0
TXN000372,M3776011793,RECEIVED_BY,123163.06,0
TXN000373,M4207337120,RECEIVED_BY,2636.78,0
TXN000374,C1667779376,RECEIVED_BY,375508.79,0
TXN000375,M7751356568,RECEIVED_BY,87148.49,0
TXN000376,C3361388464,RECEIVED_BY,22900.17,0
TXN000377,M9250327663,RECEIVED_BY,0.0,1
TXN000378,C4783282817,RECEIVED_BY,16806.67,0
TXN000379,C8293453178,RECEIVED_BY,179198.04,0
TXN000380,C9703905715,RECEIVED_BY,29092.84,0
TXN000381,C1367704871,RECEIVED_BY,208902.21,0
TXN000382,M3367665472,RECEIVED_BY,253368.01,0
TXN000383,M9279291478,RECEIVED_BY,109.01,0
TXN000384,C5871743247,RECEIVED_BY,0.0,1
TXN000385,M8122042835,RECEIVED_BY,72787.36,0
TXN000386,C7114223633,RECEIVED_BY,332359.78,0
TXN000387,M8556573246,RECEIVED_BY,220950.74,0
TXN000388,C4460967357,RECEIVED_BY,386491.37,0
TXN000389,C5951406973,RECEIVED_BY,31928.57,0
TXN000390,C6206015111,RECEIVED_BY,441363.62,0
TXN000391,C5418232833,RECEIVED_BY,245738.46,0
TXN000392,M6904897514,RECEIVED_BY,92014.63,0
TXN000393,C1674555072,RECEIVED_BY,225924.33,0
TXN000394,C9410288290,RECEIVED_BY,100488.85,0
TXN000395,M8270110908,RECEIVED_BY,0.0,1
TXN000396,C1939042955,RECEIVED_BY,94046.15,0
TXN000397,M9505085936,RECEIVED_BY,38639.41,0
TXN000398,M3367665472,RECEIVED_BY,291341.85,0
TXN000399,M4735334423,RECEIVED_BY,189689.95,0
TXN000400,C1939042955,RECEIVED_BY,88058.36,0
TXN000401,C4178659381,RECEIVED_BY,262196.42,0
TXN000402,C3376077463,RECEIVED_BY,0.0,1
TXN000403,M4735334423,RECEIVED_BY,5622.09,0
TXN000404,C8293453178,RECEIVED_BY,114577.2,0
TXN000405,C3294092753,RECEIVED_BY,83226.17,0
TXN000406,C7380780055,RECEIVED_BY,76264.66,0
TXN000407,C1251837136,RECEIVED_BY,129705.55,0
TXN000408,M1625217504,RECEIVED_BY,0.0,1
TXN000409,M1678500147,RECEIVED_BY,209704.93,0
TXN000410,C4239406957,RECEIVED_BY,279122.22,0
TXN000411,M6777263354,RECEIVED_BY,425977.07,0
TXN000412,C1958682846,RECEIVED_BY,66902.8,0
TXN000413,M7763765757,RECEIVED_BY,358914.51,0
TXN000414,C7333678472,RECEIVED_BY,0.0,1
TXN000415,C2465576748,RECEIVED_BY,185407.25,0
TXN000416,C1958682846,RECEIVED_BY,202508.5,0
TXN000417,M5212581851,RECEIVED_BY,139855.61,0
TXN000418,C7161404428,RECEIVED_BY,93926.12,0
TXN000419,C1654477195,RECEIVED_BY,44170.26,0
TXN000420,M9354542654,RECEIVED_BY,0.0,1
TXN000421,M7981077394,RECEIVED_BY,138279.54,0
TXN000422,C8055556030,RECEIVED_BY,44468.21,0
TXN000423,C3693985578,RECEIVED_BY,423849.12,0
TXN000424,C2181241943,RECEIVED_BY,73209.12,0
TXN000425,M7818568548,RECEIVED_BY,8239.67,0
TXN000426,C5071897791,RECEIVED_BY,187093.73,0
TXN000427,C2125089309,RECEIVED_BY,91619.87,0
TXN000428,C3338877621,RECEIVED_BY,74129.79,0
TXN000429,M4574027737,RECEIVED_BY,267048.95,0
TXN000430,M8750840032,RECEIVED_BY,729.46,0
TXN000431,C8826851692,RECEIVED_BY,112063.0,0
TXN000432,C6726515966,RECEIVED_BY,67007.45,0
TXN000433,M2905584866,RECEIVED_BY,169443.96,0
TXN000434,M7961674558,RECEIVED_BY,244344.72,0
TXN000435,M5283911723,RECEIVED_BY,108840.98,0
TXN000436,C2812140441,RECEIVED_BY,238126.46,0
TXN000437,M8625905455,RECEIVED_BY,33268.15,0
TXN000438,C9677466102,RECEIVED_BY,167788.13,0
TXN000439,C2627677155,RECEIVED_BY,125936.25,0
TXN000440,C4163119785,RECEIVED_BY,61921.15,0
TXN000441,C2250949136,RECEIVED_BY,134949.84,0
TXN000442,C9807209816,RECEIVED_BY,72078.81,0
TXN000443,C5694628398,RECEIVED_BY,0.0,1
TXN000444,C9333798503,RECEIVED_BY,0.0,1
TXN000445,M7981077394,RECEIVED_BY,51421.84,0
TXN000446,C6922713963,RECEIVED_BY,55423.04,0
TXN000447,M2178884276,RECEIVED_BY,23620.69,0
TXN000448,C2811967841,RECEIVED_BY,216408.66,0
TXN000449,M1614685938,RECEIVED_BY,225945.99,0
TXN000450,C5418232833,RECEIVED_BY,183281.4,0
TXN000451,C7196439534,RECEIVED_BY,209531.03,0
TXN000452,C5083595988,RECEIVED_BY,106581.48,0
TXN000453,M6554972315,RECEIVED_BY,161764.28,0
TXN000454,M4735334423,RECEIVED_BY,118686.29,0
TXN000455,C8370987661,RECEIVED_BY,117838.92,0
TXN000456,M6904897514,RECEIVED_BY,217586.52,0
TXN000457,C6726515966,RECEIVED_BY,232754.41,0
TXN000458,M1400330495,RECEIVED_BY,40120.82,0
TXN000459,M2268006448,RECEIVED_BY,17152.36,0
TXN000460,C6922713963,RECEIVED_BY,17468.94,0
TXN000461,C7049001493,RECEIVED_BY,183644.44,0
TXN000462,M8953271391,RECEIVED_BY,5905.19,0
TXN000463,C5710360983,RECEIVED_BY,172390.75,0
TXN000464,C9963334018,RECEIVED_BY,17708.72,0
TXN000465,M4880176825,RECEIVED_BY,7967.33,0
TXN000466,C9421518487,RECEIVED_BY,48305.79,0
TXN000467,M4102872611,RECEIVED_BY,30648.97,0
TXN000468,C8047877267,RECEIVED_BY,326615.42,0
TXN000469,M4735334423,RECEIVED_BY,271089.63,0
TXN000470,C8293453178,RECEIVED_BY,190462.88,0
TXN000471,C8478529823,RECEIVED_BY,144929.67,0
TXN000472,C8300300577,RECEIVED_BY,195729.08,0
TXN000473,C8252816758,RECEIVED_BY,68260.11,0
TXN000474,M8880079328,RECEIVED_BY,325312.21,0
TXN000475,C2178158203,RECEIVED_BY,236470.79,0
TXN000476,M4747699292,RECEIVED_BY,123399.77,0
TXN000477,C4776436931,RECEIVED_BY,25590.44,0
TXN000478,C4239406957,RECEIVED_BY,14840.84,0
TXN000479,M7763765757,RECEIVED_BY,0.0,1
TXN000480,C1977515194,RECEIVED_BY,72748.66,0
TXN000481,C8763140509,RECEIVED_BY,93035.05,0
TXN000482,M4403845222,RECEIVED_BY,15185.62,0
TXN000483,C8588769565,RECEIVED_BY,0.0,1
TXN000484,M9354542654,RECEIVED_BY,88731.46,0
TXN000485,M7750819485,RECEIVED_BY,223091.47,0
TXN000486,C4645120421,RECEIVED_BY,183133.75,0
TXN000487,C4518871744,RECEIVED_BY,0.0,1
TXN000488,C2067970820,RECEIVED_BY,282891.95,0
TXN000489,C7045593274,RECEIVED_BY,0.0,1
TXN000490,M3365835550,RECEIVED_BY,183178.27,0
TXN000491,C7635473142,RECEIVED_BY,33471.24,0
TXN000492,C4643576871,RECEIVED_BY,203532.72,0
TXN000493,C6241752544,RECEIVED_BY,15953.14,0
TXN000494,M4921003983,RECEIVED_BY,186539.74,0
TXN000495,C7825844140,RECEIVED_BY,0.0,1
TXN000496,M2891100776,RECEIVED_BY,44154.01,0
TXN000497,M4921003983,RECEIVED_BY,13126.72,0
TXN000498,C4239406957,RECEIVED_BY,0.0,1
TXN000499,M9035194895,RECEIVED_BY,99529.42,0
TXN000500,M8779941999,RECEIVED_BY,0.0,1
TXN000501,C9963334018,RECEIVED_BY,887.02,0
TXN000502,C1230249217,RECEIVED_BY,4211.24,0
TXN000503,C1958682846,RECEIVED_BY,120011.0,0
TXN000504,C2094024844,RECEIVED_BY,0.0,1
TXN000505,M1614685938,RECEIVED_BY,300127.53,0
TXN000506,M2774884818,RECEIVED_BY,58607.62,0
TXN000507,M4207337120,RECEIVED_BY,4700.5,0
TXN000508,C6882074066,RECEIVED_BY,98398.21,0
TXN000509,C9080621072,RECEIVED_BY,78253.84,0
TXN000510,M7961674558,RECEIVED_BY,33969.86,0
TXN000511,C6305160342,RECEIVED_BY,0.0,1
TXN000512,M8953271391,RECEIVED_BY,24764.82,0
TXN000513,M9505085936,RECEIVED_BY,76546.58,0
TXN000514,M6904897514,RECEIVED_BY,51855.38,0
TXN000515,M9279291478,RECEIVED_BY,1789.24,0
TXN000516,C7803990970,RECEIVED_BY,4274.64,0
TXN000517,C5686850445,RECEIVED_BY,4172.52,0
TXN000518,M7625389037,RECEIVED_BY,95687.21,0
TXN000519,C4518871744,RECEIVED_BY,173071.25,0
TXN000520,C2950049698,RECEIVED_BY,33112.82,0
TXN000521,C7625464411,RECEIVED_BY,33270.86,0
TXN000522,M9035194895,RECEIVED_BY,0.0,1
TXN000523,C5078551333,RECEIVED_BY,117517.54,0
TXN000524,C8387664437,RECEIVED_BY,308991.71,0
TXN000525,M6469318275,RECEIVED_BY,160929.43,0
TXN000526,C7010379415,RECEIVED_BY,34010.86,0
TXN000527,M6469318275,RECEIVED_BY,42047.5,0
TXN000528,C7540301973,RECEIVED_BY,18300.55,0
TXN000529,C8235363119,RECEIVED_BY,174391.19,0
TXN000530,M7625389037,RECEIVED_BY,0.0,1
TXN000531,C2812140441,RECEIVED_BY,255374.24,0
TXN000532,C8612747444,RECEIVED_BY,129968.22,0
TXN000533,C7311011808,RECEIVED_BY,38349.73,0
TXN000534,C6065662867,RECEIVED_BY,35409.98,0
TXN000535,C5931025271,RECEIVED_BY,349118.35,0
TXN000536,C5161807235,RECEIVED_BY,140097.23,0
TXN000537,C6859286614,RECEIVED_BY,312.25,0
TXN000538,C7393195616,RECEIVED_BY,918.98,0
TXN000539,C8299146480,RECEIVED_BY,24149.24,0
TXN000540,C6124453431,RECEIVED_BY,133611.47,0
TXN000541,M4431078106,RECEIVED_BY,19071.44,0
TXN000542,C7805745017,RECEIVED_BY,171744.28,0
TXN000543,C5736462531,RECEIVED_BY,72731.84,0
TXN000544,M7818568548,RECEIVED_BY,268612.5,0
TXN000545,C2445662585,RECEIVED_BY,43338.27,0
TXN000546,M7961674558,RECEIVED_BY,86346.93,0
TXN000547,C4361393222,RECEIVED_BY,148615.59,0
TXN000548,C1083651970,RECEIVED_BY,137679.46,0
TXN000549,M4710967433,RECEIVED_BY,11885.49,0
TXN000550,M1662976399,RECEIVED_BY,126107.89,0
TXN000551,C2145921803,RECEIVED_BY,44984.17,0
TXN000552,C7597996327,RECEIVED_BY,6765.58,0
TXN000553,M3365835550,RECEIVED_BY,0.0,1
TXN000554,M9250327663,RECEIVED_BY,6645.07,0
TXN000555,C5837082260,RECEIVED_BY,0.0,1
TXN000556,M6369130994,RECEIVED_BY,0.0,1
TXN000557,C8995970241,RECEIVED_BY,0.0,1
TXN000558,M6369130994,RECEIVED_BY,52868.39,0
TXN000559,M4735334423,RECEIVED_BY,123473.32,0
TXN000560,M2905584866,RECEIVED_BY,19217.46,0
TXN000561,M2962491159,RECEIVED_BY,132360.93,0
TXN000562,C5728765136,RECEIVED_BY,255271.08,0
TXN000563,C9526836552,RECEIVED_BY,50388.23,0
TXN000564,C5515628633,RECEIVED_BY,73697.45,0
TXN000565,C6618926823,RECEIVED_BY,130810.59,0
TXN000566,M3995732958,RECEIVED_BY,148190.49,0
TXN000567,C1041531046,RECEIVED_BY,25064.74,0
TXN000568,C8093179263,RECEIVED_BY,153815.46,0
TXN000569,C7575259637,RECEIVED_BY,49829.35,0
TXN000570,C5071897791,RECEIVED_BY,30980.09,0
TXN000571,C2181241943,RECEIVED_BY,208252.15,0
TXN000572,M2891100776,RECEIVED_BY,7935.93,0
TXN000573,M1662976399,RECEIVED_BY,22728.43,0
TXN000574,C2825989011,RECEIVED_BY,198436.03,0
TXN000575,C6206015111,RECEIVED_BY,224991.33,0
TXN000576,M1678500147,RECEIVED_BY,197812.09,0
TXN000577,M4710967433,RECEIVED_BY,144908.9,0
TXN000578,C7114223633,RECEIVED_BY,44555.81,0
TXN000579,C6756711494,RECEIVED_BY,213059.67,0
TXN000580,M9279291478,RECEIVED_BY,81120.85,0
TXN000581,C7852415525,RECEIVED_BY,12042.6,0
TXN000582,M8625905455,RECEIVED_BY,248677.62,0
TXN000583,C3971203213,RECEIVED_BY,69945.67,0
TXN000584,M1400330495,RECEIVED_BY,145939.22,0
TXN000585,M7666869046,RECEIVED_BY,62993.88,0
TXN000586,C7808938880,RECEIVED_BY,431769.24,0
TXN000587,M7077131430,RECEIVED_BY,3536.21,0
TXN000588,M4776677517,RECEIVED_BY,49557.34,0
TXN000589,C1676168421,RECEIVED_BY,361839.0,0
TXN000590,C6128695961,RECEIVED_BY,5680.83,0
TXN000591,M4264134512,RECEIVED_BY,4539.39,0
TXN000592,M7763765757,RECEIVED_BY,135640.37,0
TXN000593,M7628981661,RECEIVED_BY,132955.15,0
TXN000594,C6756332150,RECEIVED_BY,18698.43,0
TXN000595,C9807209816,RECEIVED_BY,192728.36,0
TXN000596,M6329323383,RECEIVED_BY,284337.71,0
TXN000597,C8261111839,RECEIVED_BY,99908.57,0
TXN000598,C3030106617,RECEIVED_BY,85541.47,0
TXN000599,C5774080233,RECEIVED_BY,152997.88,0
TXN000600,C7575259637,RECEIVED_BY,73801.9,0
TXN000601,M6904897514,RECEIVED_BY,111542.96,0
TXN000602,C8293453178,RECEIVED_BY,383843.01,0
TXN000603,C2079770569,RECEIVED_BY,31663.43,0
TXN000604,M1662976399,RECEIVED_BY,262114.86,0
TXN000605,M9505085936,RECEIVED_BY,230077.85,0
TXN000606,C6756332150,RECEIVED_BY,90953.09,0
TXN000607,C4658080160,RECEIVED_BY,18282.77,0
TXN000608,C4460967357,RECEIVED_BY,16465.64,0
TXN000609,M4574027737,RECEIVED_BY,44336.7,0
TXN000610,M5283911723,RECEIVED_BY,218806.32,0
TXN000611,M3365835550,RECEIVED_BY,198701.59,0
TXN000612,M9744120054,RECEIVED_BY,22519.27,0
TXN000613,C4658080160,RECEIVED_BY,44959.6,0
TXN000614,M4403845222,RECEIVED_BY,76108.49,0
TXN000615,C7519578899,RECEIVED_BY,38446.2,0
TXN000616,M9505085936,RECEIVED_BY,256309.18,0
TXN000617,M8543865915,RECEIVED_BY,84534.04,0
TXN000618,C7311011808,RECEIVED_BY,2254.4,0
TXN000619,C6447717367,RECEIVED_BY,112059.31,0
TXN000620,C4748302739,RECEIVED_BY,309471.61,0
TXN000621,C7648059419,RECEIVED_BY,119485.18,0
TXN000622,C5071897791,RECEIVED_BY,23793.42,0
TXN000623,M8625905455,RECEIVED_BY,79843.23,0
TXN000624,C4482141802,RECEIVED_BY,0.0,1
TXN000625,M7818568548,RECEIVED_BY,16775.37,0
TXN000626,M6904897514,RECEIVED_BY,5307.99,0
TXN000627,C7418301077,RECEIVED_BY,49162.91,0
TXN000628,M4403845222,RECEIVED_BY,136182.89,0
TXN000629,C9333798503,RECEIVED_BY,29090.03,0
TXN000630,M1678500147,RECEIVED_BY,293170.92,0
TXN000631,M6369130994,RECEIVED_BY,29427.7,0
TXN000632,M7750819485,RECEIVED_BY,102319.78,0
TXN000633,M8779941999,RECEIVED_BY,252738.6,0
TXN000634,C2445662585,RECEIVED_BY,473671.22,0
TXN000635,C5160575046,RECEIVED_BY,154046.35,0
TXN000636,C2178158203,RECEIVED_BY,48616.96,0
TXN000637,M7666869046,RECEIVED_BY,18197.97,0
TXN000638,C6756332150,RECEIVED_BY,0.0,1
TXN000639,C7539399243,RECEIVED_BY,154154.22,0
TXN000640,M3367665472,RECEIVED_BY,54158.46,0
TXN000641,M4524233168,RECEIVED_BY,201523.98,0
TXN000642,M1730074215,RECEIVED_BY,0.0,1
TXN000643,C3691864041,RECEIVED_BY,63504.57,0
TXN000644,M8543865915,RECEIVED_BY,209875.74,0
TXN000645,M9250327663,RECEIVED_BY,75440.43,0
TXN000646,C5693307665,RECEIVED_BY,273054.46,0
TXN000647,C1983297492,RECEIVED_BY,211522.74,0
TXN000648,C6237376063,RECEIVED_BY,9919.28,0
TXN000649,M9354542654,RECEIVED_BY,274137.0,0
TXN000650,M7475684019,RECEIVED_BY,206462.89,0
TXN000651,C4658080160,RECEIVED_BY,464041.22,0
TXN000652,M2178884276,RECEIVED_BY,110130.83,0
TXN000653,M5243939720,RECEIVED_BY,25505.48,0
TXN000654,M6313758032,RECEIVED_BY,0.0,1
TXN000655,M8556573246,RECEIVED_BY,101607.18,0
TXN000656,M9165632300,RECEIVED_BY,108397.95,0
TXN000657,M4524233168,RECEIVED_BY,185068.64,0
TXN000658,M9929101065,RECEIVED_BY,382862.62,0
TXN000659,C6884882440,RECEIVED_BY,724.1,0
TXN000660,C6305160342,RECEIVED_BY,8950.18,0
TXN000661,M6341783555,RECEIVED_BY,57024.4,0
TXN000662,M4600630513,RECEIVED_BY,403244.38,0
TXN000663,M6369130994,RECEIVED_BY,129390.31,0
TXN000664,C8879525611,RECEIVED_BY,35884.04,0
TXN000665,C9309500117,RECEIVED_BY,234967.9,0
TXN000666,M1678500147,RECEIVED_BY,53840.26,0
TXN000667,M3358880404,RECEIVED_BY,13383.62,0
TXN000668,M7666869046,RECEIVED_BY,0.0,1
TXN000669,C8339176912,RECEIVED_BY,141190.8,0
TXN000670,C3783290795,RECEIVED_BY,221282.51,0
TXN000671,C1955345537,RECEIVED_BY,9238.84,0
TXN000672,M4419410162,RECEIVED_BY,324574.83,0
TXN000673,C8934927891,RECEIVED_BY,188728.36,0
TXN000674,C2149938334,RECEIVED_BY,15804.41,0
TXN000675,C2094024844,RECEIVED_BY,9980.73,0
TXN000676,C1939042955,RECEIVED_BY,15349.31,0
TXN000677,C6128695961,RECEIVED_BY,291993.34,0
TXN000678,C4131575764,RECEIVED_BY,12685.61,0
TXN000679,C4163119785,RECEIVED_BY,7389.5,0
TXN000680,M9929101065,RECEIVED_BY,3758.21,0
TXN000681,M8880079328,RECEIVED_BY,144959.72,0
TXN000682,C9285415473,RECEIVED_BY,34431.26,0
TXN000683,C2867302554,RECEIVED_BY,23136.03,0
TXN000684,C5748253283,RECEIVED_BY,18056.33,0
TXN000685,M4207337120,RECEIVED_BY,38231.47,0
TXN000686,M9457665185,RECEIVED_BY,44039.06,0
TXN000687,C5296710795,RECEIVED_BY,83268.94,0
TXN000688,M4264134512,RECEIVED_BY,1434.85,0
TXN000689,C7805745017,RECEIVED_BY,157257.21,0
TXN000690,C9303285822,RECEIVED_BY,4100.71,0
TXN000691,M1400330495,RECEIVED_BY,95610.97,0
TXN000692,C1392245997,RECEIVED_BY,0.0,1
TXN000693,C5570828113,RECEIVED_BY,114735.75,0
TXN000694,M3075362821,RECEIVED_BY,0.0,1
TXN000695,C2926780541,RECEIVED_BY,88730.17,0
TXN000696,C8721631198,RECEIVED_BY,0.0,1
TXN000697,M4524233168,RECEIVED_BY,70538.49,0
TXN000698,C3691864041,RECEIVED_BY,203724.15,0
TXN000699,M4921003983,RECEIVED_BY,119178.87,0
TXN000700,C8033702319,RECEIVED_BY,103290.51,0
TXN000701,C7371573279,RECEIVED_BY,197681.25,0
TXN000702,C6237376063,RECEIVED_BY,8519.81,0
TXN000703,M4776677517,RECEIVED_BY,29433.42,0
TXN000704,C6464693977,RECEIVED_BY,1916.27,0
TXN000705,M4403845222,RECEIVED_BY,288586.07,0
TXN000706,M7829772942,RECEIVED_BY,0.0,1
TXN000707,M5482431018,RECEIVED_BY,185633.23,0
TXN000708,C4332894265,RECEIVED_BY,159880.83,0
TXN000709,M9279291478,RECEIVED_BY,7851.74,0
TXN000710,C6884882440,RECEIVED_BY,0.0,1
TXN000711,C1594312071,RECEIVED_BY,259316.01,0
TXN000712,M5212581851,RECEIVED_BY,24456.27,0
TXN000713,C8868054898,RECEIVED_BY,342491.31,0
TXN000714,M3075362821,RECEIVED_BY,31024.61,0
TXN000715,M2962491159,RECEIVED_BY,49113.05,0
TXN000716,C6633778586,RECEIVED_BY,128297.27,0
TXN000717,M9250327663,RECEIVED_BY,112177.3,0
TXN000718,C1664847319,RECEIVED_BY,241689.5,0
TXN000719,M8925520026,RECEIVED_BY,106044.13,0
TXN000720,C8370987661,RECEIVED_BY,32895.99,0
TXN000721,M9744120054,RECEIVED_BY,255962.05,0
TXN000722,C5268845844,RECEIVED_BY,52899.35,0
TXN000723,M7475684019,RECEIVED_BY,131149.67,0
TXN000724,M8556573246,RECEIVED_BY,248879.3,0
TXN000725,C4853479481,RECEIVED_BY,253399.44,0
TXN000726,C3849232839,RECEIVED_BY,323329.29,0
TXN000727,M8953271391,RECEIVED_BY,81428.5,0
TXN000728,C2188332531,RECEIVED_BY,2946.94,0
TXN000729,C2812140441,RECEIVED_BY,81191.5,0
TXN000730,C7186766399,RECEIVED_BY,65356.08,0
TXN000731,C3479708607,RECEIVED_BY,0.0,1
TXN000732,M9354542654,RECEIVED_BY,139825.5,0
TXN000733,M8953271391,RECEIVED_BY,60769.87,0
TXN000734,M9457665185,RECEIVED_BY,6080.92,0
TXN000735,C6923301988,RECEIVED_BY,373015.67,0
TXN000736,C8106906538,RECEIVED_BY,50130.89,0
TXN000737,M4735334423,RECEIVED_BY,119669.66,0
TXN000738,C9438411468,RECEIVED_BY,57017.85,0
TXN000739,C2227193073,RECEIVED_BY,18114.14,0
TXN000740,C8293453178,RECEIVED_BY,60214.8,0
TXN000741,C3980491761,RECEIVED_BY,134825.07,0
TXN000742,M4403845222,RECEIVED_BY,5674.04,0
TXN000743,C1083651970,RECEIVED_BY,64769.37,0
TXN000744,C9703905715,RECEIVED_BY,203319.21,0
TXN000745,C3710566582,RECEIVED_BY,186525.09,0
TXN000746,C1977515194,RECEIVED_BY,40194.95,0
TXN000747,C4683935600,RECEIVED_BY,24883.91,0
TXN000748,C9438411468,RECEIVED_BY,163406.97,0
TXN000749,M9457665185,RECEIVED_BY,213109.3,0
TXN000750,C2320763135,RECEIVED_BY,312080.81,0
TXN000751,C5829062179,RECEIVED_BY,58007.51,0
TXN000752,C8235363119,RECEIVED_BY,0.0,1
TXN000753,M8880079328,RECEIVED_BY,28139.11,0
TXN000754,C4466589567,RECEIVED_BY,25698.04,0
TXN000755,M8880079328,RECEIVED_BY,8461.19,0
TXN000756,M8779941999,RECEIVED_BY,138006.33,0
TXN000757,M6169243284,RECEIVED_BY,293463.92,0
TXN000758,M4419410162,RECEIVED_BY,2920.7,0
TXN000759,M9929101065,RECEIVED_BY,10021.72,0
TXN000760,M8275679594,RECEIVED_BY,112786.95,0
TXN000761,C3987248494,RECEIVED_BY,15487.07,0
TXN000762,C7648059419,RECEIVED_BY,133450.63,0
TXN000763,M8270110908,RECEIVED_BY,80071.87,0
TXN000764,C2812140441,RECEIVED_BY,0.0,1
TXN000765,C2867302554,RECEIVED_BY,42839.26,0
TXN000766,C2812140441,RECEIVED_BY,168389.83,0
TXN000767,C4783282817,RECEIVED_BY,289394.55,0
TXN000768,M8925520026,RECEIVED_BY,84219.27,0
TXN000769,C6928691380,RECEIVED_BY,3453.28,0
TXN000770,M2953462417,RECEIVED_BY,74239.82,0
TXN000771,M6369130994,RECEIVED_BY,75937.09,0
TXN000772,M6554972315,RECEIVED_BY,94272.39,0
TXN000773,M8293928340,RECEIVED_BY,72418.94,0
TXN000774,C9650701349,RECEIVED_BY,211493.5,0
TXN000775,C8093179263,RECEIVED_BY,36688.23,0
TXN000776,M1625217504,RECEIVED_BY,211392.1,0
TXN000777,M3698305085,RECEIVED_BY,0.0,1
TXN000778,C1306702926,RECEIVED_BY,111279.47,0
TXN000779,C3479708607,RECEIVED_BY,196103.55,0
TXN000780,M9279291478,RECEIVED_BY,55263.61,0
TXN000781,M9457665185,RECEIVED_BY,78815.74,0
TXN000782,M8625905455,RECEIVED_BY,0.0,1
TXN000783,M4600630513,RECEIVED_BY,323814.45,0
TXN000784,C6924716023,RECEIVED_BY,19979.8,0
TXN000785,M6385791669,RECEIVED_BY,35212.59,0
TXN000786,C9673185158,RECEIVED_BY,155169.3,0
TXN000787,C4239406957,RECEIVED_BY,39539.81,0
TXN000788,C3030106617,RECEIVED_BY,82182.97,0
TXN000789,C6534540349,RECEIVED_BY,379481.53,0
TXN000790,M4431078106,RECEIVED_BY,46354.95,0
TXN000791,C7418301077,RECEIVED_BY,130411.48,0
TXN000792,M1678500147,RECEIVED_BY,19157.58,0
TXN000793,C1676168421,RECEIVED_BY,395253.68,0
TXN000794,C9904586976,RECEIVED_BY,55507.52,0
TXN000795,M2388450337,RECEIVED_BY,0.0,1
TXN000796,M7628981661,RECEIVED_BY,157628.24,0
TXN000797,M2178884276,RECEIVED_BY,210870.95,0
TXN000798,C6726515966,RECEIVED_BY,110907.21,0
TXN000799,C8854238082,RECEIVED_BY,345088.15,0
TXN000800,C2139027119,RECEIVED_BY,108025.13,0
TXN000801,C4226113732,RECEIVED_BY,186619.55,0
TXN000802,C2188332531,RECEIVED_BY,6976.58,0
TXN000803,M5243939720,RECEIVED_BY,191050.7,0
TXN000804,C7015992643,RECEIVED_BY,53092.5,0
TXN000805,C3660223333,RECEIVED_BY,114365.2,0
TXN000806,C6246716604,RECEIVED_BY,102641.5,0
TXN000807,M3776011793,RECEIVED_BY,395605.24,0
TXN000808,M7763765757,RECEIVED_BY,55228.34,0
TXN000809,M7751356568,RECEIVED_BY,9398.11,0
TXN000810,M4102872611,RECEIVED_BY,58063.22,0
TXN000811,C7808938880,RECEIVED_BY,284916.86,0
TXN000812,M2513206988,RECEIVED_BY,40100.86,0
TXN000813,C8106906538,RECEIVED_BY,69589.96,0
TXN000814,M3362646960,RECEIVED_BY,418629.53,0
TXN000815,M4921003983,RECEIVED_BY,15515.17,0
TXN000816,C3693985578,RECEIVED_BY,25917.14,0
TXN000817,M4747699292,RECEIVED_BY,11458.88,0
TXN000818,M4747699292,RECEIVED_BY,39597.0,0
TXN000819,C7146318035,RECEIVED_BY,0.0,1
TXN000820,M4710967433,RECEIVED_BY,84966.18,0
TXN000821,C5268845844,RECEIVED_BY,76461.25,0
TXN000822,C7805745017,RECEIVED_BY,131363.3,0
TXN000823,C9081544414,RECEIVED_BY,0.0,1
TXN000824,C3880327491,RECEIVED_BY,13816.34,0
TXN000825,C4713453204,RECEIVED_BY,232893.43,0
TXN000826,C5951406973,RECEIVED_BY,90186.31,0
TXN000827,C5083595988,RECEIVED_BY,76458.73,0
TXN000828,M1625217504,RECEIVED_BY,22707.98,0
TXN000829,C9922723063,RECEIVED_BY,57107.62,0
TXN000830,C6241752544,RECEIVED_BY,55617.8,0
TXN000831,M4264134512,RECEIVED_BY,85718.95,0
TXN000832,M6369130994,RECEIVED_BY,154255.61,0
TXN000833,M4710967433,RECEIVED_BY,9978.78,0
TXN000834,M7829772942,RECEIVED_BY,45452.79,0
TXN000835,C7462972995,RECEIVED_BY,103621.24,0
TXN000836,C5931025271,RECEIVED_BY,377603.99,0
TXN000837,C6882074066,RECEIVED_BY,11475.85,0
TXN000838,M7077131430,RECEIVED_BY,77747.0,0
TXN000839,C6711463258,RECEIVED_BY,31103.72,0
TXN000840,C5310195918,RECEIVED_BY,43438.88,0
TXN000841,C3476426797,RECEIVED_BY,180607.15,0
TXN000842,M8750840032,RECEIVED_BY,99000.82,0
TXN000843,C3987248494,RECEIVED_BY,0.0,1
TXN000844,C1594312071,RECEIVED_BY,103260.39,0
TXN000845,M7576309274,RECEIVED_BY,1119.09,0
TXN000846,C7533932947,RECEIVED_BY,84299.29,0
TXN000847,C8293453178,RECEIVED_BY,35600.58,0
TXN000848,C4037867512,RECEIVED_BY,292697.07,0
TXN000849,C8235363119,RECEIVED_BY,39742.96,0
TXN000850,C2812140441,RECEIVED_BY,59976.79,0
TXN000851,M4207337120,RECEIVED_BY,93805.16,0
TXN000852,M7628981661,RECEIVED_BY,8534.56,0
TXN000853,C9807209816,RECEIVED_BY,203008.87,0
TXN000854,M7628981661,RECEIVED_BY,44847.23,0
TXN000855,M4207337120,RECEIVED_BY,47570.85,0
TXN000856,C3746317213,RECEIVED_BY,22551.9,0
TXN000857,C5667181604,RECEIVED_BY,0.0,1
TXN000858,C6756711494,RECEIVED_BY,108463.54,0
TXN000859,C8478529823,RECEIVED_BY,246358.27,0
TXN000860,C9292791081,RECEIVED_BY,163189.63,0
TXN000861,C7380780055,RECEIVED_BY,251121.69,0
TXN000862,M6777263354,RECEIVED_BY,340501.08,0
TXN000863,M1400330495,RECEIVED_BY,207654.24,0
TXN000864,C2785736751,RECEIVED_BY,51030.9,0
TXN000865,C3746317213,RECEIVED_BY,121870.43,0
TXN000866,C2181241943,RECEIVED_BY,38430.72,0
TXN000867,M8493451569,RECEIVED_BY,218719.29,0
TXN000868,M6329323383,RECEIVED_BY,146704.11,0
TXN000869,C5567816720,RECEIVED_BY,39834.94,0
TXN000870,M8750840032,RECEIVED_BY,21666.34,0
TXN000871,M2905584866,RECEIVED_BY,90824.05,0
TXN000872,M8953271391,RECEIVED_BY,0.0,1
TXN000873,M4921003983,RECEIVED_BY,32859.7,0
TXN000874,C7415801613,RECEIVED_BY,302266.86,0
TXN000875,C5510938155,RECEIVED_BY,0.0,1
TXN000876,C5510938155,RECEIVED_BY,463357.99,0
TXN000877,C5693307665,RECEIVED_BY,19101.98,0
TXN000878,M4880176825,RECEIVED_BY,340834.95,0
TXN000879,M8779941999,RECEIVED_BY,2608.99,0
TXN000880,M1678500147,RECEIVED_BY,81484.29,0
TXN000881,M7818568548,RECEIVED_BY,7499.34,0
TXN000882,C3615507143,RECEIVED_BY,133400.15,0
TXN000883,C1965067727,RECEIVED_BY,6850.37,0
TXN000884,C4226113732,RECEIVED_BY,0.0,1
TXN000885,C3303082117,RECEIVED_BY,216680.15,0
TXN000886,C5829062179,RECEIVED_BY,310426.51,0
TXN000887,C8377088167,RECEIVED_BY,102212.19,0
TXN000888,M2513206988,RECEIVED_BY,72545.15,0
TXN000889,M3365835550,RECEIVED_BY,0.0,1
TXN000890,C2960488639,RECEIVED_BY,16093.34,0
TXN000891,M7475684019,RECEIVED_BY,201584.3,0
TXN000892,M1400330495,RECEIVED_BY,51934.43,0
TXN000893,M8293928340,RECEIVED_BY,0.0,1
TXN000894,C5774080233,RECEIVED_BY,0.0,1
TXN000895,M8293928340,RECEIVED_BY,56516.22,0
TXN000896,C2870403050,RECEIVED_BY,59944.24,0
TXN000897,C2948728483,RECEIVED_BY,0.0,1
TXN000898,C4993808565,RECEIVED_BY,236767.89,0
TXN000899,M4600630513,RECEIVED_BY,73341.08,0
TXN000900,M2647489402,RECEIVED_BY,0.0,1
TXN000901,M1678500147,RECEIVED_BY,1120.56,0
TXN000902,M1625217504,RECEIVED_BY,0.0,1
TXN000903,M5243939720,RECEIVED_BY,240607.72,0
TXN000904,C3030106617,RECEIVED_BY,399268.67,0
TXN000905,M4419410162,RECEIVED_BY,0.0,1
TXN000906,M8372755146,RECEIVED_BY,53506.68,0
TXN000907,C8316648259,RECEIVED_BY,6531.51,0
TXN000908,C9786748825,RECEIVED_BY,0.0,1
TXN000909,C1248786714,RECEIVED_BY,171341.29,0
TXN000910,C5667181604,RECEIVED_BY,112984.26,0
TXN000911,C8299146480,RECEIVED_BY,47713.71,0
TXN000912,C1798112150,RECEIVED_BY,0.0,1
TXN000913,M9165632300,RECEIVED_BY,0.0,1
TXN000914,C3799264931,RECEIVED_BY,19907.81,0
TXN000915,M4921003983,RECEIVED_BY,612.82,0
TXN000916,M8779941999,RECEIVED_BY,118538.08,0
TXN000917,C8377088167,RECEIVED_BY,38010.1,0
TXN000918,M9505085936,RECEIVED_BY,208458.39,0
TXN000919,C3836517266,RECEIVED_BY,77517.96,0
TXN000920,C5268845844,RECEIVED_BY,41232.61,0
TXN000921,C2232285036,RECEIVED_BY,109329.29,0
TXN000922,C3799264931,RECEIVED_BY,11043.21,0
TXN000923,M4735334423,RECEIVED_BY,317865.63,0
TXN000924,M7829772942,RECEIVED_BY,9261.53,0
TXN000925,C2970753705,RECEIVED_BY,90299.93,0
TXN000926,C6756332150,RECEIVED_BY,88699.72,0
TXN000927,M5933179746,RECEIVED_BY,188042.08,0
TXN000928,M4574027737,RECEIVED_BY,2186.63,0
TXN000929,M4431078106,RECEIVED_BY,388194.31,0
TXN000930,M6313758032,RECEIVED_BY,179789.68,0
TXN000931,M8625905455,RECEIVED_BY,147489.86,0
TXN000932,C4466589567,RECEIVED_BY,185674.75,0
TXN000933,C5736462531,RECEIVED_BY,1061.12,0
TXN000934,M8543865915,RECEIVED_BY,28819.1,0
TXN000935,M2953462417,RECEIVED_BY,74289.69,0
TXN000936,C8995970241,RECEIVED_BY,29966.01,0
TXN000937,M8556573246,RECEIVED_BY,0.0,1
TXN000938,C8578226896,RECEIVED_BY,30743.58,0
TXN000939,C8285786023,RECEIVED_BY,18919.33,0
TXN000940,C1367704871,RECEIVED_BY,248207.79,0
TXN000941,C1104906255,RECEIVED_BY,412620.92,0
TXN000942,M9929101065,RECEIVED_BY,57760.66,0
TXN000943,C3615507143,RECEIVED_BY,231186.99,0
TXN000944,C4466589567,RECEIVED_BY,13591.97,0
TXN000945,M1730074215,RECEIVED_BY,0.0,1
TXN000946,C4163119785,RECEIVED_BY,0.0,1
TXN000947,C4226113732,RECEIVED_BY,110536.85,0
TXN000948,C7671625956,RECEIVED_BY,165062.32,0
TXN000949,M1614685938,RECEIVED_BY,15781.3,0
TXN000950,M8274273035,RECEIVED_BY,68149.92,0
TXN000951,C4696689457,RECEIVED_BY,333596.29,0
TXN000952,C3746317213,RECEIVED_BY,175379.13,0
TXN000953,C3746317213,RECEIVED_BY,21973.83,0
TXN000954,M4710967433,RECEIVED_BY,75937.02,0
TXN000955,M5975196341,RECEIVED_BY,21093.26,0
TXN000956,M7829772942,RECEIVED_BY,395662.15,0
TXN000957,M2774884818,RECEIVED_BY,7864.44,0
TXN000958,C7597996327,RECEIVED_BY,101565.22,0
TXN000959,M6469318275,RECEIVED_BY,0.0,1
TXN000960,C3615507143,RECEIVED_BY,89114.24,0
TXN000961,C9633533290,RECEIVED_BY,25072.39,0
TXN000962,M1293864877,RECEIVED_BY,47461.1,0
TXN000963,C5748253283,RECEIVED_BY,7360.14,0
TXN000964,C5160575046,RECEIVED_BY,176456.79,0
TXN000965,M7981077394,RECEIVED_BY,30240.07,0
TXN000966,C1667779376,RECEIVED_BY,127160.5,0
TXN000967,M2953462417,RECEIVED_BY,58471.28,0
TXN000968,C8531118333,RECEIVED_BY,238029.03,0
TXN000969,C1654477195,RECEIVED_BY,33237.89,0
TXN000970,C2139027119,RECEIVED_BY,13253.05,0
TXN000971,M7475684019,RECEIVED_BY,4324.04,0
TXN000972,M1730074215,RECEIVED_BY,375078.76,0
TXN000973,M3734252963,RECEIVED_BY,62062.51,0
TXN000974,M1293864877,RECEIVED_BY,144622.89,0
TXN000975,C2825989011,RECEIVED_BY,130248.95,0
TXN000976,C6241752544,RECEIVED_BY,116971.45,0
TXN000977,C8377088167,RECEIVED_BY,128573.82,0
TXN000978,M5482431018,RECEIVED_BY,163284.14,0
TXN000979,C8339176912,RECEIVED_BY,15568.39,0
TXN000980,M7628981661,RECEIVED_BY,26278.28,0
TXN000981,C4460967357,RECEIVED_BY,90674.95,0
TXN000982,C6923301988,RECEIVED_BY,18625.52,0
TXN000983,C7567496105,RECEIVED_BY,48631.04,0
TXN000984,C5310195918,RECEIVED_BY,130804.6,0
TXN000985,M8122042835,RECEIVED_BY,0.0,1
TXN000986,C8949781901,RECEIVED_BY,355191.04,0
TXN000987,C2181241943,RECEIVED_BY,66012.96,0
TXN000988,M4574027737,RECEIVED_BY,89920.04,0
TXN000989,C8612747444,RECEIVED_BY,2125.22,0
TXN000990,M8750840032,RECEIVED_BY,0.0,1
TXN000991,M1662976399,RECEIVED_BY,37976.18,0
TXN000992,C6587537178,RECEIVED_BY,104457.74,0
TXN000993,C8033702319,RECEIVED_BY,163620.94,0
TXN000994,C1674555072,RECEIVED_BY,222335.48,0
TXN000995,C5306459450,RECEIVED_BY,399792.02,0
TXN000996,C6317189421,RECEIVED_BY,57759.03,0
TXN000997,C1939042955,RECEIVED_BY,16812.64,0
TXN000998,C9805620900,RECEIVED_BY,223504.57,0
TXN000999,M3995732958,RECEIVED_BY,0.0,1
TXN001000,C7597996327,RECEIVED_BY,0.0,1
TXN001001,C4131356954,RECEIVED_BY,32874.05,0
TXN001002,M4921003983,RECEIVED_BY,18728.56,0
TXN001003,C3363629219,RECEIVED_BY,108587.91,0
TXN001004,C7049001493,RECEIVED_BY,72046.81,0
TXN001005,M7829772942,RECEIVED_BY,9424.61,0
TXN001006,M3358880404,RECEIVED_BY,202951.78,0
TXN001007,C6246716604,RECEIVED_BY,241734.88,0
TXN001008,C1230249217,RECEIVED_BY,76979.6,0
TXN001009,C8737025391,RECEIVED_BY,44579.98,0
TXN001010,M1614685938,RECEIVED_BY,162705.6,0
TXN001011,C6241752544,RECEIVED_BY,160422.73,0
TXN001012,C4643576871,RECEIVED_BY,238061.04,0
TXN001013,M9457665185,RECEIVED_BY,0.0,1
TXN001014,M9505085936,RECEIVED_BY,67080.22,0
TXN001015,M4735334423,RECEIVED_BY,16878.87,0
TXN001016,C4163119785,RECEIVED_BY,257518.51,0
TXN001017,M7981077394,RECEIVED_BY,42212.25,0
TXN001018,C8316648259,RECEIVED_BY,248925.75,0
TXN001019,C3710566582,RECEIVED_BY,102240.2,0
TXN001020,C7825844140,RECEIVED_BY,64330.99,0
TXN001021,C7540301973,RECEIVED_BY,54052.12,0
TXN001022,C4163119785,RECEIVED_BY,1495.45,0
TXN001023,M4207337120,RECEIVED_BY,150571.18,0
TXN001024,C2870403050,RECEIVED_BY,36270.84,0
TXN001025,C4248149900,RECEIVED_BY,157964.2,0
TXN001026,C6704841644,RECEIVED_BY,256401.97,0
TXN001027,C7186766399,RECEIVED_BY,2233.02,0
TXN001028,M4710967433,RECEIVED_BY,3719.38,0
TXN001029,M2891100776,RECEIVED_BY,179690.78,0
TXN001030,C9894847574,RECEIVED_BY,401632.2,0
TXN001031,M4431078106,RECEIVED_BY,18342.85,0
TXN001032,M3365835550,RECEIVED_BY,101200.01,0
TXN001033,M4207337120,RECEIVED_BY,1244.81,0
TXN001034,C4888749350,RECEIVED_BY,11958.81,0
TXN001035,C7852415525,RECEIVED_BY,212960.3,0
TXN001036,M1662976399,RECEIVED_BY,0.0,1
TXN001037,M4735334423,RECEIVED_BY,1875.41,0
TXN001038,C7483366056,RECEIVED_BY,5486.54,0
TXN001039,M4880176825,RECEIVED_BY,381072.55,0
TXN001040,C4993808565,RECEIVED_BY,103808.86,0
TXN001041,C5184564874,RECEIVED_BY,194902.23,0
TXN001042,C7825844140,RECEIVED_BY,0.0,1
TXN001043,M7763765757,RECEIVED_BY,257983.86,0
TXN001044,C9697354961,RECEIVED_BY,8200.48,0
TXN001045,C3781569954,RECEIVED_BY,99167.57,0
TXN001046,C4482141802,RECEIVED_BY,211713.75,0
TXN001047,M6777263354,RECEIVED_BY,266357.38,0
TXN001048,M1521521078,RECEIVED_BY,248542.76,0
TXN001049,M8556573246,RECEIVED_BY,116219.66,0
TXN001050,C5567816720,RECEIVED_BY,202525.86,0
TXN001051,M2178884276,RECEIVED_BY,116278.49,0
TXN001052,C3971203213,RECEIVED_BY,316498.56,0
TXN001053,M2774884818,RECEIVED_BY,237249.87,0
TXN001054,C2047905204,RECEIVED_BY,0.0,1
TXN001055,C6447717367,RECEIVED_BY,0.0,1
TXN001056,C8943866829,RECEIVED_BY,70004.71,0
TXN001057,C9691572571,RECEIVED_BY,0.0,1
TXN001058,M2962491159,RECEIVED_BY,1764.47,0
TXN001059,M4747699292,RECEIVED_BY,254232.32,0
TXN001060,C7635473142,RECEIVED_BY,19153.81,0
TXN001061,M8750840032,RECEIVED_BY,156151.36,0
TXN001062,M8122042835,RECEIVED_BY,85982.12,0
TXN001063,M3776011793,RECEIVED_BY,35392.44,0
TXN001064,M6904897514,RECEIVED_BY,93145.94,0
TXN001065,C5646751885,RECEIVED_BY,254958.55,0
TXN001066,C7415801613,RECEIVED_BY,0.0,1
TXN001067,M1400330495,RECEIVED_BY,259297.42,0
TXN001068,C7374584386,RECEIVED_BY,3199.13,0
TXN001069,M8270110908,RECEIVED_BY,0.0,1
TXN001070,C7665963761,RECEIVED_BY,20158.89,0
TXN001071,C1546696950,RECEIVED_BY,48888.65,0
TXN001072,C6128695961,RECEIVED_BY,250087.18,0
TXN001073,C1795212538,RECEIVED_BY,85315.09,0
TXN001074,C7625464411,RECEIVED_BY,188416.13,0
TXN001075,M3734252963,RECEIVED_BY,18499.98,0
TXN001076,M6169243284,RECEIVED_BY,140789.71,0
TXN001077,C7635473142,RECEIVED_BY,154739.73,0
TXN001078,C8854238082,RECEIVED_BY,203410.98,0
TXN001079,C3030106617,RECEIVED_BY,0.0,1
TXN001080,C5951406973,RECEIVED_BY,0.0,1
TXN001081,C1958682846,RECEIVED_BY,107272.28,0
TXN001082,M2388450337,RECEIVED_BY,311887.72,0
TXN001083,C2125089309,RECEIVED_BY,140908.87,0
TXN001084,C4466589567,RECEIVED_BY,35759.23,0
TXN001085,M6341783555,RECEIVED_BY,125042.96,0
TXN001086,C1945826486,RECEIVED_BY,85336.48,0
TXN001087,C1939042955,RECEIVED_BY,185209.35,0
TXN001088,M9457665185,RECEIVED_BY,155730.85,0
TXN001089,C1958682846,RECEIVED_BY,87676.16,0
TXN001090,C9957813353,RECEIVED_BY,0.0,1
TXN001091,C3694860228,RECEIVED_BY,342836.53,0
TXN001092,M8779941999,RECEIVED_BY,212933.75,0
TXN001093,M7961674558,RECEIVED_BY,144843.6,0
TXN001094,M4102872611,RECEIVED_BY,0.0,1
TXN001095,C5067116918,RECEIVED_BY,10045.42,0
TXN001096,M4710967433,RECEIVED_BY,148995.93,0
TXN001097,C9303285822,RECEIVED_BY,440062.94,0
TXN001098,C4877520294,RECEIVED_BY,29566.66,0
TXN001099,C4026113008,RECEIVED_BY,40165.66,0
TXN001100,M8270110908,RECEIVED_BY,0.0,1
TXN001101,C3316787198,RECEIVED_BY,318120.78,0
TXN001102,M4419410162,RECEIVED_BY,356655.81,0
TXN001103,M2388450337,RECEIVED_BY,268176.92,0
TXN001104,C6124453431,RECEIVED_BY,177486.31,0
TXN001105,C5515628633,RECEIVED_BY,96286.76,0
TXN001106,C2699887270,RECEIVED_BY,61048.07,0
TXN001107,C6458544482,RECEIVED_BY,230485.64,0
TXN001108,M1614685938,RECEIVED_BY,0.0,1
TXN001109,C4745927824,RECEIVED_BY,1071.28,0
TXN001110,C7045593274,RECEIVED_BY,1112.68,0
TXN001111,C1104906255,RECEIVED_BY,441461.01,0
TXN001112,M5212581851,RECEIVED_BY,265105.13,0
TXN001113,C7825844140,RECEIVED_BY,0.0,1
TXN001114,C6583444930,RECEIVED_BY,29871.51,0
TXN001115,M4600630513,RECEIVED_BY,289626.51,0
TXN001116,M3358880404,RECEIVED_BY,5412.68,0
TXN001117,M8493451569,RECEIVED_BY,0.0,1
TXN001118,C5083595988,RECEIVED_BY,40183.74,0
TXN001119,C9547119184,RECEIVED_BY,24688.43,0
TXN001120,M2905584866,RECEIVED_BY,192407.53,0
TXN001121,C5710360983,RECEIVED_BY,20126.7,0
TXN001122,C7665963761,RECEIVED_BY,133587.49,0
TXN001123,M5283911723,RECEIVED_BY,1633.01,0
TXN001124,C2145921803,RECEIVED_BY,64718.34,0
TXN001125,C8316648259,RECEIVED_BY,0.0,1
TXN001126,C4633987776,RECEIVED_BY,38691.67,0
TXN001127,M2513206988,RECEIVED_BY,245034.62,0
TXN001128,C6642201119,RECEIVED_BY,28033.21,0
TXN001129,M7818568548,RECEIVED_BY,40331.57,0
TXN001130,M2178884276,RECEIVED_BY,36516.4,0
TXN001131,C1392245997,RECEIVED_BY,382007.69,0
TXN001132,C2047905204,RECEIVED_BY,32397.83,0
TXN001133,C2139027119,RECEIVED_BY,0.0,1
TXN001134,M2962491159,RECEIVED_BY,18597.75,0
TXN001135,C6711463258,RECEIVED_BY,40502.01,0
TXN001136,C7539399243,RECEIVED_BY,2780.28,0
TXN001137,C4633987776,RECEIVED_BY,50783.91,0
TXN001138,C6715705115,RECEIVED_BY,69470.9,0
TXN001139,C3555656321,RECEIVED_BY,0.0,1
TXN001140,M7829772942,RECEIVED_BY,144051.21,0
TXN001141,C6756711494,RECEIVED_BY,92737.01,0
TXN001142,C4776436931,RECEIVED_BY,47930.17,0
TXN001143,M1730074215,RECEIVED_BY,20670.87,0
TXN001144,M6904897514,RECEIVED_BY,33682.29,0
TXN001145,M8556573246,RECEIVED_BY,42994.43,0
TXN001146,M9744120054,RECEIVED_BY,17626.1,0
TXN001147,C6882074066,RECEIVED_BY,2044.41,0
TXN001148,C5067116918,RECEIVED_BY,33594.48,0
TXN001149,M5975196341,RECEIVED_BY,137416.39,0
TXN001150,C6458544482,RECEIVED_BY,125103.76,0
TXN001151,C3746317213,RECEIVED_BY,162038.43,0
TXN001152,C4070964768,RECEIVED_BY,213738.13,0
TXN001153,C4405620755,RECEIVED_BY,0.0,1
TXN001154,C8106906538,RECEIVED_BY,1722.68,0
TXN001155,C8316648259,RECEIVED_BY,43751.65,0
TXN001156,M9279291478,RECEIVED_BY,31855.36,0
TXN001157,C2149938334,RECEIVED_BY,237601.04,0
TXN001158,M8925520026,RECEIVED_BY,301044.85,0
TXN001159,C2699887270,RECEIVED_BY,0.0,1
TXN001160,C4289233844,RECEIVED_BY,115997.62,0
TXN001161,M9279291478,RECEIVED_BY,26170.27,0
TXN001162,M5212581851,RECEIVED_BY,111182.11,0
TXN001163,M7818568548,RECEIVED_BY,248298.29,0
TXN001164,C6642201119,RECEIVED_BY,22513.89,0
TXN001165,M4264134512,RECEIVED_BY,117639.96,0
TXN001166,C6687206971,RECEIVED_BY,390876.5,0
TXN001167,M3365835550,RECEIVED_BY,175922.13,0
TXN001168,C4163119785,RECEIVED_BY,8513.15,0
TXN001169,M7829772942,RECEIVED_BY,16277.78,0
TXN001170,C6756332150,RECEIVED_BY,18206.03,0
TXN001171,C8664882079,RECEIVED_BY,223351.42,0
TXN001172,C2079770569,RECEIVED_BY,306579.48,0
TXN001173,C2452066459,RECEIVED_BY,4366.97,0
TXN001174,M7475684019,RECEIVED_BY,194742.56,0
TXN001175,C3615507143,RECEIVED_BY,0.0,1
TXN001176,C8949781901,RECEIVED_BY,131857.48,0
TXN001177,M7829772942,RECEIVED_BY,0.0,1
TXN001178,C5736462531,RECEIVED_BY,8121.56,0
TXN001179,C9703905715,RECEIVED_BY,87980.7,0
TXN001180,C9916336966,RECEIVED_BY,11317.4,0
TXN001181,C6241752544,RECEIVED_BY,118269.32,0
TXN001182,C3667292043,RECEIVED_BY,170042.57,0
TXN001183,C4037867512,RECEIVED_BY,14897.42,0
TXN001184,C7403028869,RECEIVED_BY,42055.21,0
TXN001185,M8122042835,RECEIVED_BY,42007.51,0
TXN001186,M3698305085,RECEIVED_BY,58096.7,0
TXN001187,C7825844140,RECEIVED_BY,73017.14,0
TXN001188,M4747699292,RECEIVED_BY,38013.65,0
TXN001189,C7462972995,RECEIVED_BY,25439.28,0
TXN001190,C4131575764,RECEIVED_BY,23321.74,0
TXN001191,C9805620900,RECEIVED_BY,0.0,1
TXN001192,M7608153267,RECEIVED_BY,25934.69,0
TXN001193,C7597996327,RECEIVED_BY,19201.74,0
TXN001194,C9697354961,RECEIVED_BY,2945.09,0
TXN001195,C4642197907,RECEIVED_BY,285767.95,0
TXN001196,C3691864041,RECEIVED_BY,6007.96,0
TXN001197,M8880079328,RECEIVED_BY,121695.05,0
TXN001198,C4783282817,RECEIVED_BY,33153.1,0
TXN001199,C5710360983,RECEIVED_BY,305818.8,0
TXN001200,C3746317213,RECEIVED_BY,302822.27,0
TXN001201,C4332894265,RECEIVED_BY,130580.15,0
TXN001202,C8763140509,RECEIVED_BY,142089.8,0
TXN001203,M9457665185,RECEIVED_BY,233026.76,0
TXN001204,C9963334018,RECEIVED_BY,203008.25,0
TXN001205,M4431078106,RECEIVED_BY,55939.47,0
TXN001206,C1041531046,RECEIVED_BY,23444.38,0
TXN001207,M1521521078,RECEIVED_BY,11584.74,0
TXN001208,M6554972315,RECEIVED_BY,81265.95,0
TXN001209,C1127978094,RECEIVED_BY,56088.59,0
TXN001210,C1795212538,RECEIVED_BY,413699.58,0
TXN001211,C6317189421,RECEIVED_BY,37403.49,0
TXN001212,C1230249217,RECEIVED_BY,319318.56,0
TXN001213,M3358880404,RECEIVED_BY,42642.45,0
TXN001214,C9677466102,RECEIVED_BY,29498.38,0
TXN001215,C4590711152,RECEIVED_BY,42763.56,0
TXN001216,C2145921803,RECEIVED_BY,396951.39,0
TXN001217,C6241752544,RECEIVED_BY,257752.63,0
TXN001218,C2181241943,RECEIVED_BY,0.0,1
TXN001219,C6923206003,RECEIVED_BY,393444.95,0
TXN001220,M2962491159,RECEIVED_BY,80483.3,0
TXN001221,M9165632300,RECEIVED_BY,78936.93,0
TXN001222,C5284391408,RECEIVED_BY,0.0,1
TXN001223,M8750840032,RECEIVED_BY,147795.45,0
TXN001224,C4405620755,RECEIVED_BY,209447.69,0
TXN001225,M3734252963,RECEIVED_BY,285647.91,0
TXN001226,C3597724331,RECEIVED_BY,70975.73,0
TXN001227,M6369130994,RECEIVED_BY,3856.28,0
TXN001228,M9279291478,RECEIVED_BY,0.0,1
TXN001229,C3987248494,RECEIVED_BY,42530.5,0
TXN001230,C2181241943,RECEIVED_BY,94254.2,0
TXN001231,M8372755146,RECEIVED_BY,99001.9,0
TXN001232,M8493451569,RECEIVED_BY,271534.2,0
TXN001233,C2948728483,RECEIVED_BY,2240.0,0
TXN001234,M9279291478,RECEIVED_BY,0.0,1
TXN001235,C1311570307,RECEIVED_BY,12651.33,0
TXN001236,M3734252963,RECEIVED_BY,373271.37,0
TXN001237,C2250949136,RECEIVED_BY,82446.33,0
TXN001238,M9505085936,RECEIVED_BY,202091.89,0
TXN001239,M6329323383,RECEIVED_BY,67809.14,0
TXN001240,M6645808194,RECEIVED_BY,289314.25,0
TXN001241,M2953462417,RECEIVED_BY,24994.75,0
TXN001242,C6241752544,RECEIVED_BY,22823.1,0
TXN001243,C5161807235,RECEIVED_BY,130987.47,0
TXN001244,C1470939445,RECEIVED_BY,226820.95,0
TXN001245,M9457665185,RECEIVED_BY,67645.35,0
TXN001246,C2139027119,RECEIVED_BY,69035.1,0
TXN001247,C3746317213,RECEIVED_BY,293721.98,0
TXN001248,C2445662585,RECEIVED_BY,31886.33,0
TXN001249,C2139027119,RECEIVED_BY,12705.13,0
TXN001250,M2962491159,RECEIVED_BY,73962.73,0
TXN001251,M6385791669,RECEIVED_BY,43145.84,0
TXN001252,C2950049698,RECEIVED_BY,197062.19,0
TXN001253,M7751356568,RECEIVED_BY,48104.21,0
TXN001254,M7751356568,RECEIVED_BY,52253.52,0
TXN001255,C4882343658,RECEIVED_BY,416358.06,0
TXN001256,C6698759353,RECEIVED_BY,258016.82,0
TXN001257,C2137651678,RECEIVED_BY,10982.01,0
TXN001258,M2513206988,RECEIVED_BY,0.0,1
TXN001259,C2812140441,RECEIVED_BY,79872.0,0
TXN001260,M7750819485,RECEIVED_BY,58594.05,0
TXN001261,C9691572571,RECEIVED_BY,120001.88,0
TXN001262,C4783282817,RECEIVED_BY,122446.88,0
TXN001263,C5829062179,RECEIVED_BY,25802.53,0
TXN001264,C9123612497,RECEIVED_BY,97198.29,0
TXN001265,C6242173772,RECEIVED_BY,79870.17,0
TXN001266,C4226113732,RECEIVED_BY,17270.92,0
TXN001267,C8285786023,RECEIVED_BY,13812.2,0
TXN001268,C9697354961,RECEIVED_BY,79343.35,0
TXN001269,M2962491159,RECEIVED_BY,162382.59,0
TXN001270,M9505085936,RECEIVED_BY,104038.15,0
TXN001271,C9547119184,RECEIVED_BY,214248.74,0
TXN001272,C9963334018,RECEIVED_BY,160449.69,0
TXN001273,M4574027737,RECEIVED_BY,370407.45,0
TXN001274,C9421518487,RECEIVED_BY,709.91,0
TXN001275,C3849232839,RECEIVED_BY,61248.83,0
TXN001276,C5736462531,RECEIVED_BY,58378.9,0
TXN001277,C5759234471,RECEIVED_BY,78330.17,0
TXN001278,M4524233168,RECEIVED_BY,0.0,1
TXN001279,M3365835550,RECEIVED_BY,103526.2,0
TXN001280,M3734252963,RECEIVED_BY,17206.94,0
TXN001281,C5515628633,RECEIVED_BY,239097.38,0
TXN001282,C4696689457,RECEIVED_BY,194934.32,0
TXN001283,C3667292043,RECEIVED_BY,74682.47,0
TXN001284,C4163119785,RECEIVED_BY,37551.62,0
TXN001285,M1400330495,RECEIVED_BY,121982.54,0
TXN001286,C6447717367,RECEIVED_BY,318.62,0
TXN001287,C4163119785,RECEIVED_BY,150978.75,0
TXN001288,M4264134512,RECEIVED_BY,154192.6,0
TXN001289,C4745927824,RECEIVED_BY,48324.72,0
TXN001290,C7393195616,RECEIVED_BY,261835.78,0
TXN001291,M8880079328,RECEIVED_BY,25092.07,0
TXN001292,C4405620755,RECEIVED_BY,192716.65,0
TXN001293,C2125089309,RECEIVED_BY,89399.86,0
TXN001294,C9438411468,RECEIVED_BY,1254.33,0
TXN001295,M1730074215,RECEIVED_BY,145121.46,0
TXN001296,C3615507143,RECEIVED_BY,176791.6,0
TXN001297,C5278201677,RECEIVED_BY,40432.03,0
TXN001298,C5728765136,RECEIVED_BY,31466.51,0
TXN001299,M3365835550,RECEIVED_BY,0.0,1
TXN001300,M7628981661,RECEIVED_BY,253359.64,0
TXN001301,M8274273035,RECEIVED_BY,40212.44,0
TXN001302,C1667779376,RECEIVED_BY,0.0,1
TXN001303,C1654477195,RECEIVED_BY,57471.33,0
TXN001304,M9165632300,RECEIVED_BY,8791.68,0
TXN001305,C1654477195,RECEIVED_BY,29227.17,0
TXN001306,C7671625956,RECEIVED_BY,110632.36,0
TXN001307,C5972484792,RECEIVED_BY,0.0,1
TXN001308,C6065662867,RECEIVED_BY,298773.43,0
TXN001309,M1400330495,RECEIVED_BY,90333.5,0
TXN001310,C8055556030,RECEIVED_BY,11372.38,0
TXN001311,M5975196341,RECEIVED_BY,42377.39,0
TXN001312,C2227193073,RECEIVED_BY,153774.74,0
TXN001313,M8625905455,RECEIVED_BY,244681.34,0
TXN001314,C1965067727,RECEIVED_BY,58244.21,0
TXN001315,M3698305085,RECEIVED_BY,363939.08,0
TXN001316,C2439622619,RECEIVED_BY,17259.76,0
TXN001317,M6329323383,RECEIVED_BY,34022.57,0
TXN001318,C2926780541,RECEIVED_BY,66977.46,0
TXN001319,C5646751885,RECEIVED_BY,254494.55,0
TXN001320,C4163119785,RECEIVED_BY,244186.2,0
TXN001321,C9263135031,RECEIVED_BY,183359.12,0
TXN001322,C9438411468,RECEIVED_BY,266986.78,0
TXN001323,C1667779376,RECEIVED_BY,34543.43,0
TXN001324,C9703905715,RECEIVED_BY,31340.82,0
TXN001325,C5693307665,RECEIVED_BY,74240.76,0
TXN001326,C1958682846,RECEIVED_BY,190615.37,0
TXN001327,C8093179263,RECEIVED_BY,25022.81,0
TXN001328,C5728765136,RECEIVED_BY,112406.9,0
TXN001329,M6645808194,RECEIVED_BY,72249.7,0
TXN001330,M5283911723,RECEIVED_BY,0.0,1
TXN001331,C2145921803,RECEIVED_BY,210153.54,0
TXN001332,C2812140441,RECEIVED_BY,197437.9,0
TXN001333,C7539399243,RECEIVED_BY,34892.51,0
TXN001334,C6704841644,RECEIVED_BY,162078.36,0
TXN001335,C7249213370,RECEIVED_BY,111061.21,0
TXN001336,C3555656321,RECEIVED_BY,0.0,1
TXN001337,C5418232833,RECEIVED_BY,198777.87,0
TXN001338,C3392080953,RECEIVED_BY,62286.47,0
TXN001339,M3367665472,RECEIVED_BY,122592.62,0
TXN001340,M4524233168,RECEIVED_BY,16712.05,0
TXN001341,C4256292393,RECEIVED_BY,204986.06,0
TXN001342,C9807209816,RECEIVED_BY,49050.28,0
TXN001343,M4600630513,RECEIVED_BY,7677.09,0
TXN001344,C2149938334,RECEIVED_BY,11825.35,0
TXN001345,C4466589567,RECEIVED_BY,74571.46,0
TXN001346,C5078551333,RECEIVED_BY,288010.81,0
TXN001347,C7371573279,RECEIVED_BY,79151.01,0
TXN001348,M2513206988,RECEIVED_BY,358556.74,0
TXN001349,C2591589823,RECEIVED_BY,345605.01,0
TXN001350,C1127978094,RECEIVED_BY,38708.42,0
TXN001351,M8493451569,RECEIVED_BY,76853.74,0
TXN001352,C6206015111,RECEIVED_BY,4729.32,0
TXN001353,M3362646960,RECEIVED_BY,105892.92,0
TXN001354,M1730074215,RECEIVED_BY,147428.64,0
TXN001355,C9303285822,RECEIVED_BY,29680.64,0
TXN001356,C2274350418,RECEIVED_BY,39772.09,0
TXN001357,M6904897514,RECEIVED_BY,92990.68,0
TXN001358,C5759234471,RECEIVED_BY,29548.4,0
TXN001359,C3328710672,RECEIVED_BY,85249.4,0
TXN001360,C6882074066,RECEIVED_BY,57060.47,0
TXN001361,C7597996327,RECEIVED_BY,37813.28,0
TXN001362,C4460967357,RECEIVED_BY,16910.79,0
TXN001363,M1730074215,RECEIVED_BY,207848.43,0
TXN001364,M7818568548,RECEIVED_BY,37555.47,0
TXN001365,C5694628398,RECEIVED_BY,232722.72,0
TXN001366,C9650701349,RECEIVED_BY,219619.21,0
TXN001367,C7808938880,RECEIVED_BY,475268.59,0
TXN001368,M1662976399,RECEIVED_BY,91814.08,0
TXN001369,M2647489402,RECEIVED_BY,186055.35,0
TXN001370,C4877520294,RECEIVED_BY,268504.65,0
TXN001371,C6237376063,RECEIVED_BY,379863.66,0
TXN001372,C1958682846,RECEIVED_BY,98620.94,0
TXN001373,C7825844140,RECEIVED_BY,0.0,1
TXN001374,M5212581851,RECEIVED_BY,15596.46,0
TXN001375,C7371573279,RECEIVED_BY,22477.56,0
TXN001376,M8750840032,RECEIVED_BY,107552.63,0
TXN001377,C2870403050,RECEIVED_BY,0.0,1
TXN001378,M3075362821,RECEIVED_BY,165343.79,0
TXN001379,C3597724331,RECEIVED_BY,129803.42,0
TXN001380,C6642201119,RECEIVED_BY,22907.24,0
TXN001381,M4431078106,RECEIVED_BY,61039.18,0
TXN001382,M4921003983,RECEIVED_BY,26403.91,0
TXN001383,M7475684019,RECEIVED_BY,329494.09,0
TXN001384,C5419627962,RECEIVED_BY,362516.28,0
TXN001385,C3746317213,RECEIVED_BY,175737.61,0
TXN001386,C7462972995,RECEIVED_BY,104659.89,0
TXN001387,M4747699292,RECEIVED_BY,131349.57,0
TXN001388,M7981077394,RECEIVED_BY,0.0,1
TXN001389,C3781569954,RECEIVED_BY,80877.57,0
TXN001390,M2268006448,RECEIVED_BY,262670.09,0
TXN001391,M8750840032,RECEIVED_BY,1872.51,0
TXN001392,M9250327663,RECEIVED_BY,56165.16,0
TXN001393,C8110054933,RECEIVED_BY,1520.4,0
TXN001394,C1674555072,RECEIVED_BY,23644.92,0
TXN001395,C4482141802,RECEIVED_BY,72814.09,0
TXN001396,M8750840032,RECEIVED_BY,94610.81,0
TXN001397,C9935429720,RECEIVED_BY,94555.93,0
TXN001398,C4882343658,RECEIVED_BY,42341.8,0
TXN001399,M6313758032,RECEIVED_BY,59982.55,0
TXN001400,C7635473142,RECEIVED_BY,51482.31,0
TXN001401,C8995970241,RECEIVED_BY,45841.33,0
TXN001402,M3367665472,RECEIVED_BY,179257.35,0
TXN001403,M3362646960,RECEIVED_BY,370853.43,0
TXN001404,C8299146480,RECEIVED_BY,6875.61,0
TXN001405,C3880327491,RECEIVED_BY,391582.67,0
TXN001406,C3555656321,RECEIVED_BY,0.0,1
TXN001407,M4207337120,RECEIVED_BY,535.81,0
TXN001408,M4524233168,RECEIVED_BY,150364.87,0
TXN001409,M8543865915,RECEIVED_BY,28872.5,0
TXN001410,C5078551333,RECEIVED_BY,240029.96,0
TXN001411,C8879525611,RECEIVED_BY,97816.29,0
TXN001412,C5033992825,RECEIVED_BY,141482.63,0
TXN001413,C2503068227,RECEIVED_BY,184646.92,0
TXN001414,M3358880404,RECEIVED_BY,0.0,1
TXN001415,M7576309274,RECEIVED_BY,7959.94,0
TXN001416,M4921003983,RECEIVED_BY,62090.36,0
TXN001417,C6461974809,RECEIVED_BY,15451.01,0
TXN001418,C4993808565,RECEIVED_BY,249866.47,0
TXN001419,M7961674558,RECEIVED_BY,270228.86,0
TXN001420,C2982979741,RECEIVED_BY,255962.78,0
TXN001421,C2075321966,RECEIVED_BY,947.36,0
TXN001422,C4460967357,RECEIVED_BY,34700.19,0
TXN001423,C1958682846,RECEIVED_BY,147722.79,0
TXN001424,C4070964768,RECEIVED_BY,66544.18,0
TXN001425,M6329323383,RECEIVED_BY,118306.45,0
TXN001426,M5975196341,RECEIVED_BY,39309.86,0
TXN001427,C6884882440,RECEIVED_BY,98968.63,0
TXN001428,C5728765136,RECEIVED_BY,0.0,1
TXN001429,M9354542654,RECEIVED_BY,402805.53,0
TXN001430,M3698305085,RECEIVED_BY,133344.5,0
TXN001431,C4645120421,RECEIVED_BY,14398.03,0
TXN001432,M2891100776,RECEIVED_BY,98152.13,0
TXN001433,C3108307952,RECEIVED_BY,0.0,1
TXN001434,C9633533290,RECEIVED_BY,64808.33,0
TXN001435,C7519578899,RECEIVED_BY,162092.45,0
TXN001436,C3196545325,RECEIVED_BY,112022.97,0
TXN001437,C3710566582,RECEIVED_BY,397092.99,0
TXN001438,M7077131430,RECEIVED_BY,119425.36,0
TXN001439,C5686850445,RECEIVED_BY,187726.65,0
TXN001440,M4574027737,RECEIVED_BY,168461.33,0
TXN001441,C7805745017,RECEIVED_BY,5920.42,0
TXN001442,C6288227800,RECEIVED_BY,140675.92,0
TXN001443,M8122042835,RECEIVED_BY,227430.7,0
TXN001444,C3694860228,RECEIVED_BY,17937.71,0
TXN001445,C9592390865,RECEIVED_BY,5055.27,0
TXN001446,C1958682846,RECEIVED_BY,281097.31,0
TXN001447,M7750819485,RECEIVED_BY,324217.55,0
TXN001448,C1546696950,RECEIVED_BY,0.0,1
TXN001449,C5010075517,RECEIVED_BY,5966.41,0
TXN001450,M4574027737,RECEIVED_BY,98954.85,0
TXN001451,C7539399243,RECEIVED_BY,3875.73,0
TXN001452,M8372755146,RECEIVED_BY,3205.78,0
TXN001453,C7597996327,RECEIVED_BY,71009.75,0
TXN001454,M2513206988,RECEIVED_BY,47461.89,0
TXN001455,C2232285036,RECEIVED_BY,100509.66,0
TXN001456,C7519578899,RECEIVED_BY,76971.24,0
TXN001457,C6246716604,RECEIVED_BY,201218.92,0
TXN001458,C3667292043,RECEIVED_BY,62787.79,0
TXN001459,C6534540349,RECEIVED_BY,102602.1,0
TXN001460,C5510938155,RECEIVED_BY,0.0,1
TXN001461,C2870403050,RECEIVED_BY,0.0,1
TXN001462,C3319936135,RECEIVED_BY,16837.05,0
TXN001463,M6554972315,RECEIVED_BY,75981.19,0
TXN001464,C2825957977,RECEIVED_BY,74742.76,0
TXN001465,C8934927891,RECEIVED_BY,437291.0,0
TXN001466,C1311570307,RECEIVED_BY,0.0,1
TXN001467,C7196439534,RECEIVED_BY,354482.52,0
TXN001468,C8995970241,RECEIVED_BY,388876.55,0
TXN001469,C9650701349,RECEIVED_BY,22475.06,0
TXN001470,C2047905204,RECEIVED_BY,31492.22,0
TXN001471,M8779941999,RECEIVED_BY,20039.99,0
TXN001472,C7533932947,RECEIVED_BY,0.0,1
TXN001473,C4642197907,RECEIVED_BY,282549.53,0
TXN001474,C9292791081,RECEIVED_BY,54241.07,0
TXN001475,M1158998032,RECEIVED_BY,104153.87,0
TXN001476,M5975196341,RECEIVED_BY,23256.68,0
TXN001477,C5972484792,RECEIVED_BY,75094.65,0
TXN001478,C6859286614,RECEIVED_BY,28220.69,0
TXN001479,M4102872611,RECEIVED_BY,231005.92,0
TXN001480,C7825844140,RECEIVED_BY,157173.88,0
TXN001481,C6711463258,RECEIVED_BY,86581.74,0
TXN001482,M2891100776,RECEIVED_BY,0.0,1
TXN001483,M1614685938,RECEIVED_BY,0.0,1
TXN001484,C7333678472,RECEIVED_BY,126422.28,0
TXN001485,C9229469952,RECEIVED_BY,146239.31,0
TXN001486,C5693307665,RECEIVED_BY,0.0,1
TXN001487,M4419410162,RECEIVED_BY,30501.5,0
TXN001488,C4853479481,RECEIVED_BY,287885.53,0
TXN001489,M2388450337,RECEIVED_BY,5751.38,0
TXN001490,M6169243284,RECEIVED_BY,15089.35,0
TXN001491,M4102872611,RECEIVED_BY,3125.79,0
TXN001492,M3791027186,RECEIVED_BY,480162.42,0
TXN001493,M4710967433,RECEIVED_BY,74771.08,0
TXN001494,C9303285822,RECEIVED_BY,45547.11,0
TXN001495,C9703905715,RECEIVED_BY,180927.0,0
TXN001496,M3367665472,RECEIVED_BY,25020.98,0
TXN001497,M9744120054,RECEIVED_BY,114521.24,0
TXN001498,M7750819485,RECEIVED_BY,80303.48,0
TXN001499,M4921003983,RECEIVED_BY,0.0,1
TXN001500,M1625217504,RECEIVED_BY,260817.93,0
TXN001501,C7311011808,RECEIVED_BY,146217.05,0
TXN001502,M3362646960,RECEIVED_BY,372063.18,0
TXN001503,M8293928340,RECEIVED_BY,49004.25,0
TXN001504,M3698305085,RECEIVED_BY,158906.6,0
TXN001505,M5933179746,RECEIVED_BY,16942.6,0
TXN001506,M7750819485,RECEIVED_BY,101658.05,0
TXN001507,M8556573246,RECEIVED_BY,31735.08,0
TXN001508,C6272000062,RECEIVED_BY,33337.59,0
TXN001509,M9165632300,RECEIVED_BY,9445.24,0
TXN001510,C2825957977,RECEIVED_BY,34120.55,0
TXN001511,M7829772942,RECEIVED_BY,9744.78,0
TXN001512,M1400330495,RECEIVED_BY,108328.14,0
TXN001513,M6777263354,RECEIVED_BY,19258.18,0
TXN001514,C1245522987,RECEIVED_BY,44305.08,0
TXN001515,M1400330495,RECEIVED_BY,8603.65,0
TXN001516,M4880176825,RECEIVED_BY,0.0,1
TXN001517,C3799264931,RECEIVED_BY,39711.88,0
TXN001518,C3952295757,RECEIVED_BY,25539.5,0
TXN001519,M8122042835,RECEIVED_BY,365181.49,0
TXN001520,C8826851692,RECEIVED_BY,155675.28,0
TXN001521,C9807209816,RECEIVED_BY,92256.84,0
TXN001522,C1676168421,RECEIVED_BY,125232.42,0
TXN001523,C4658080160,RECEIVED_BY,9828.54,0
TXN001524,C5306459450,RECEIVED_BY,23162.49,0
TXN001525,M3075362821,RECEIVED_BY,102972.95,0
TXN001526,C7540301973,RECEIVED_BY,96565.71,0
TXN001527,M8275679594,RECEIVED_BY,230675.16,0
TXN001528,C4037867512,RECEIVED_BY,369055.81,0
TXN001529,M5283911723,RECEIVED_BY,153609.69,0
TXN001530,C6206015111,RECEIVED_BY,138760.77,0
TXN001531,C8252816758,RECEIVED_BY,96607.28,0
TXN001532,C1958682846,RECEIVED_BY,457808.07,0
TXN001533,M7625389037,RECEIVED_BY,178484.64,0
TXN001534,C7249213370,RECEIVED_BY,0.0,1
TXN001535,M3734252963,RECEIVED_BY,6100.57,0
TXN001536,M9505085936,RECEIVED_BY,66593.56,0
TXN001537,C7665963761,RECEIVED_BY,31449.8,0
TXN001538,C5078551333,RECEIVED_BY,2833.68,0
TXN001539,C9805620900,RECEIVED_BY,238957.95,0
TXN001540,C4877520294,RECEIVED_BY,152733.6,0
TXN001541,C3316787198,RECEIVED_BY,70305.08,0
TXN001542,C2075321966,RECEIVED_BY,460774.93,0
TXN001543,C5083595988,RECEIVED_BY,95985.87,0
TXN001544,M3358880404,RECEIVED_BY,122138.36,0
TXN001545,C8721631198,RECEIVED_BY,34298.31,0
TXN001546,C1519709079,RECEIVED_BY,299695.08,0
TXN001547,M4524233168,RECEIVED_BY,107572.29,0
TXN001548,M5482431018,RECEIVED_BY,112003.6,0
TXN001549,M4600630513,RECEIVED_BY,303557.24,0
TXN001550,C9703905715,RECEIVED_BY,104789.75,0
TXN001551,M4735334423,RECEIVED_BY,32613.79,0
TXN001552,C2139027119,RECEIVED_BY,17677.13,0
TXN001553,C8429141456,RECEIVED_BY,276118.9,0
TXN001554,C9786748825,RECEIVED_BY,14249.1,0
