:START_ID,:END_ID,:TYPE,amount:float,step:int,transactionType
C2445662585,TXN000001,SENT,66574.49,1,CASH_OUT
C2926780541,TXN000002,SENT,438353.84,1,TRANSFER
C3980491761,TXN000003,SENT,373533.12,1,TRANSFER
C1248786714,TXN000004,SENT,430210.16,1,CASH_OUT
C6124453431,TXN000005,SENT,7945.41,1,CASH_OUT
C7760554363,TXN000006,SENT,411386.23,1,CASH_OUT
C7825844140,TXN000007,SENT,164675.13,1,TRANSFER
C7533932947,TXN000008,SENT,324970.48,1,CASH_OUT
C7099469983,TXN000009,SENT,443742.39,2,TRANSFER
C4239406957,TXN000010,SENT,363572.98,2,CASH_OUT
C4776436931,TXN000011,SENT,109417.57,2,CASH_OUT
C9908115095,TXN000012,SENT,179978.25,2,TRANSFER
C7462972995,TXN000013,SENT,321210.53,2,TRANSFER
C7803990970,TXN000014,SENT,103397.58,2,CASH_OUT
C2274350418,TXN000015,SENT,394533.23,3,TRANSFER
C4239406957,TXN000016,SENT,55853.25,3,CASH_OUT
C3328710672,TXN000017,SENT,87948.85,3,TRANSFER
C5829062179,TXN000018,SENT,389230.5,3,TRANSFER
C9633533290,TXN000019,SENT,151513.53,3,TRANSFER
C7049001493,TXN000020,SENT,245644.16,3,CASH_OUT
C6206015111,TXN000021,SENT,138232.98,3,TRANSFER
C5667181604,TXN000022,SENT,253269.99,3,TRANSFER
C7808938880,TXN000023,SENT,215604.9,3,CASH_OUT
C5010075517,TXN000024,SENT,156949.26,3,TRANSFER
C6884882440,TXN000025,SENT,47521.82,4,CASH_OUT
C8588769565,TXN000026,SENT,281280.01,4,CASH_OUT
C4226113732,TXN000027,SENT,26671.59,4,CASH_OUT
C7166868574,TXN000028,SENT,241612.51,4,TRANSFER
C4783282817,TXN000029,SENT,422732.43,4,TRANSFER
C4460967357,TXN000030,SENT,414900.93,4,CASH_OUT
C4713453204,TXN000031,SENT,435061.49,4,TRANSFER
C6756332150,TXN000032,SENT,108351.31,4,CASH_OUT
C8331319481,TXN000033,SENT,298515.66,4,TRANSFER
C4332894265,TXN000034,SENT,212583.37,4,TRANSFER
C1106456634,TXN000035,SENT,339430.73,4,TRANSFER
C9081544414,TXN000036,SENT,151408.26,5,TRANSFER
C1547374338,TXN000037,SENT,373760.05,5,TRANSFER
C3108307952,TXN000038,SENT,199138.52,5,TRANSFER
C3392080953,TXN000039,SENT,215212.86,5,TRANSFER
C5931025271,TXN000040,SENT,230588.35,5,TRANSFER
C2047905204,TXN000041,SENT,40244.9,5,TRANSFER
C4683935600,TXN000042,SENT,316979.11,5,TRANSFER
C2079770569,TXN000043,SENT,52299.46,6,CASH_OUT
C1392245997,TXN000044,SENT,475694.78,6,TRANSFER
C3051831252,TXN000045,SENT,321852.92,6,CASH_OUT
C7519578899,TXN000046,SENT,316061.17,6,TRANSFER
C8033702319,TXN000047,SENT,185000.06,6,TRANSFER
C2970753705,TXN000048,SENT,192856.76,6,CASH_OUT
C7887950851,TXN000049,SENT,326266.89,6,CASH_OUT
C1470939445,TXN000050,SENT,491210.4,6,TRANSFER
C2825989011,TXN000051,SENT,80214.36,7,TRANSFER
C4713453204,TXN000052,SENT,394824.24,7,TRANSFER
C5515628633,TXN000053,SENT,362143.09,7,TRANSFER
C9421518487,TXN000054,SENT,155805.64,7,TRANSFER
C3836517266,TXN000055,SENT,279902.11,7,TRANSFER
C4550353803,TXN000056,SENT,47633.03,7,CASH_OUT
C5310195918,TXN000057,SENT,171524.44,7,TRANSFER
C7517938612,TXN000058,SENT,254337.17,7,CASH_OUT
C9229469952,TXN000059,SENT,188983.22,7,CASH_OUT
C9894847574,TXN000060,SENT,206018.45,7,CASH_OUT
C8300300577,TXN000061,SENT,267471.56,7,TRANSFER
C5515628633,TXN000062,SENT,231378.31,8,TRANSFER
C2926780541,TXN000063,SENT,436627.96,8,CASH_OUT
C1322401182,TXN000064,SENT,143246.44,8,CASH_OUT
C4289233844,TXN000065,SENT,473260.22,8,CASH_OUT
C8995970241,TXN000066,SENT,118653.26,8,TRANSFER
C5284391408,TXN000067,SENT,168309.89,8,TRANSFER
C2227193073,TXN000068,SENT,379661.74,8,CASH_OUT
C4645120421,TXN000069,SENT,470172.75,8,TRANSFER
C2948728483,TXN000070,SENT,319836.91,8,TRANSFER
C6805759868,TXN000071,SENT,316345.52,8,CASH_OUT
C5759234471,TXN000072,SENT,94469.64,8,TRANSFER
C8868054898,TXN000073,SENT,277521.82,8,TRANSFER
C1939042955,TXN000074,SENT,173056.44,9,TRANSFER
C3781569954,TXN000075,SENT,23123.51,9,CASH_OUT
C4683935600,TXN000076,SENT,239787.05,9,TRANSFER
C4853479481,TXN000077,SENT,22859.33,9,CASH_OUT
C2982979741,TXN000078,SENT,237226.48,9,CASH_OUT
C3303082117,TXN000079,SENT,137335.09,9,CASH_OUT
C7519578899,TXN000080,SENT,170179.28,9,TRANSFER
C6923206003,TXN000081,SENT,363813.58,9,TRANSFER
C1470939445,TXN000082,SENT,148524.33,10,TRANSFER
C4643576871,TXN000083,SENT,363680.38,10,TRANSFER
C4026113008,TXN000084,SENT,182292.25,10,CASH_OUT
C5067116918,TXN000085,SENT,390874.67,10,CASH_OUT
C6124453431,TXN000086,SENT,17160.28,10,CASH_OUT
C4643576871,TXN000087,SENT,69709.86,10,TRANSFER
C4095476665,TXN000088,SENT,250022.94,10,TRANSFER
C2960488639,TXN000089,SENT,143502.86,10,TRANSFER
C5996775663,TXN000090,SENT,223110.49,10,TRANSFER
C9292791081,TXN000091,SENT,271543.51,10,TRANSFER
C1977515194,TXN000092,SENT,492581.14,11,CASH_OUT
C2591589823,TXN000093,SENT,65755.84,11,TRANSFER
C2250949136,TXN000094,SENT,205986.77,11,TRANSFER
C5996775663,TXN000095,SENT,259162.65,11,TRANSFER
C7808938880,TXN000096,SENT,251929.03,11,CASH_OUT
C2452066459,TXN000097,SENT,113509.67,11,TRANSFER
C8235363119,TXN000098,SENT,478219.46,11,TRANSFER
C8313706299,TXN000099,SENT,77942.94,11,TRANSFER
C4070964768,TXN000100,SENT,41530.2,11,CASH_OUT
C9807209816,TXN000101,SENT,309436.1,11,TRANSFER
C7393195616,TXN000102,SENT,203640.17,11,CASH_OUT
C6491309593,TXN000103,SENT,156978.67,12,TRANSFER
C4642197907,TXN000104,SENT,257975.09,12,CASH_OUT
C1248786714,TXN000105,SENT,472747.06,12,TRANSFER
C1547374338,TXN000106,SENT,157044.75,12,CASH_OUT
C6805759868,TXN000107,SENT,12564.97,12,TRANSFER
C4645120421,TXN000108,SENT,26219.66,12,CASH_OUT
C9922723063,TXN000109,SENT,423739.01,12,CASH_OUT
C6124453431,TXN000110,SENT,285570.54,12,CASH_OUT
C8093179263,TXN000111,SENT,340518.92,12,TRANSFER
C4518871744,TXN000112,SENT,72989.41,13,CASH_OUT
C5710360983,TXN000113,SENT,402178.96,13,TRANSFER
C2320763135,TXN000114,SENT,159946.49,13,CASH_OUT
C6447717367,TXN000115,SENT,266637.58,13,CASH_OUT
C7760554363,TXN000116,SENT,292267.37,13,TRANSFER
C6461974809,TXN000117,SENT,391669.09,13,TRANSFER
C4888749350,TXN000118,SENT,310248.17,13,CASH_OUT
C1667779376,TXN000119,SENT,55837.87,13,CASH_OUT
C2304963614,TXN000120,SENT,387711.18,13,TRANSFER
C9285415473,TXN000121,SENT,163199.72,13,TRANSFER
C8987073217,TXN000122,SENT,171821.18,13,TRANSFER
C6458544482,TXN000123,SENT,305428.21,13,CASH_OUT
C3597724331,TXN000124,SENT,104431.62,14,CASH_OUT
C8331319481,TXN000125,SENT,287164.93,14,TRANSFER
C6789448659,TXN000126,SENT,21991.18,14,TRANSFER
C6272000062,TXN000127,SENT,107779.42,14,CASH_OUT
C9904586976,TXN000128,SENT,370704.6,14,CASH_OUT
C9526836552,TXN000129,SENT,50998.78,14,CASH_OUT
C9285415473,TXN000130,SENT,488977.45,14,CASH_OUT
C2926780541,TXN000131,SENT,161262.68,15,TRANSFER
C2591589823,TXN000132,SENT,361835.72,15,TRANSFER
C6317189421,TXN000133,SENT,498588.73,15,CASH_OUT
C3849232839,TXN000134,SENT,149897.71,15,CASH_OUT
C7462972995,TXN000135,SENT,262634.95,15,TRANSFER
C9904586976,TXN000136,SENT,166011.36,15,TRANSFER
C1127978094,TXN000137,SENT,284322.83,15,CASH_OUT
C1855256552,TXN000138,SENT,201015.79,15,CASH_OUT
C1958682846,TXN000139,SENT,223921.03,15,CASH_OUT
C6128695961,TXN000140,SENT,32000.04,16,TRANSFER
C6242173772,TXN000141,SENT,385150.68,16,TRANSFER
C1251837136,TXN000142,SENT,239612.77,16,TRANSFER
C2227193073,TXN000143,SENT,412976.15,16,CASH_OUT
C8868054898,TXN000144,SENT,181530.65,16,CASH_OUT
C6237376063,TXN000145,SENT,75776.34,16,CASH_OUT
C4965395580,TXN000146,SENT,46379.88,16,TRANSFER
C8055556030,TXN000147,SENT,29810.65,16,TRANSFER
C3880327491,TXN000148,SENT,373156.44,16,CASH_OUT
C6488854841,TXN000149,SENT,467356.82,16,TRANSFER
C1083651970,TXN000150,SENT,323294.53,17,TRANSFER
C9462806178,TXN000151,SENT,482108.04,17,CASH_OUT
C5774080233,TXN000152,SENT,197136.26,17,CASH_OUT
C2075321966,TXN000153,SENT,232038.95,17,CASH_OUT
C7333678472,TXN000154,SENT,95051.75,17,TRANSFER
C3294092753,TXN000155,SENT,468182.73,17,TRANSFER
C2960488639,TXN000156,SENT,436234.0,17,CASH_OUT
C4239406957,TXN000157,SENT,29165.57,17,TRANSFER
C2825957977,TXN000158,SENT,299360.92,17,CASH_OUT
C6204041308,TXN000159,SENT,138301.81,18,CASH_OUT
C9894264595,TXN000160,SENT,278369.48,18,CASH_OUT
C6923301988,TXN000161,SENT,204721.33,18,TRANSFER
C9526836552,TXN000162,SENT,73031.52,18,TRANSFER
C7292076361,TXN000163,SENT,194821.11,18,TRANSFER
C7852415525,TXN000164,SENT,268282.13,18,TRANSFER
C8949781901,TXN000165,SENT,94893.48,18,TRANSFER
C3363629219,TXN000166,SENT,152290.82,19,TRANSFER
C1306702926,TXN000167,SENT,239981.52,19,TRANSFER
C6231117883,TXN000168,SENT,190950.21,19,CASH_OUT
C8055556030,TXN000169,SENT,50205.51,19,TRANSFER
C6491309593,TXN000170,SENT,23812.01,19,CASH_OUT
C8299146480,TXN000171,SENT,360285.96,19,TRANSFER
C1676168421,TXN000172,SENT,471788.81,19,CASH_OUT
C4550353803,TXN000173,SENT,366653.35,19,CASH_OUT
C8763140509,TXN000174,SENT,495171.45,19,TRANSFER
C3108307952,TXN000175,SENT,206783.72,19,TRANSFER
C7648059419,TXN000176,SENT,319226.57,20,TRANSFER
C3316787198,TXN000177,SENT,9346.35,20,TRANSFER
C6242173772,TXN000178,SENT,215856.03,20,TRANSFER
C1245522987,TXN000179,SENT,126956.68,20,TRANSFER
C9333798503,TXN000180,SENT,495126.28,20,TRANSFER
C1795212538,TXN000181,SENT,203233.87,20,CASH_OUT
C6805759868,TXN000182,SENT,392403.78,21,TRANSFER
C7887950851,TXN000183,SENT,443889.6,21,TRANSFER
C4776436931,TXN000184,SENT,329396.51,21,TRANSFER
C5067116918,TXN000185,SENT,410630.29,21,TRANSFER
C2094024844,TXN000186,SENT,166533.19,21,CASH_OUT
C2950049698,TXN000187,SENT,27794.52,21,CASH_OUT
C7808938880,TXN000188,SENT,198954.82,21,TRANSFER
C7852415525,TXN000189,SENT,276965.82,21,TRANSFER
C6789448659,TXN000190,SENT,356841.16,21,TRANSFER
C4550353803,TXN000191,SENT,54168.91,21,CASH_OUT
C5278201677,TXN000192,SENT,94508.5,21,TRANSFER
C8110054933,TXN000193,SENT,298865.35,22,TRANSFER
C4683935600,TXN000194,SENT,452698.58,22,TRANSFER
C2320763135,TXN000195,SENT,247068.85,22,TRANSFER
C3392080953,TXN000196,SENT,360728.83,22,TRANSFER
C1958682846,TXN000197,SENT,420965.08,22,TRANSFER
C7374584386,TXN000198,SENT,150917.21,22,TRANSFER
C6317189421,TXN000199,SENT,146432.63,22,TRANSFER
C7803990970,TXN000200,SENT,408430.76,22,CASH_OUT
C6447717367,TXN000201,SENT,341174.6,22,CASH_OUT
C5871743247,TXN000202,SENT,409663.82,23,TRANSFER
C1245522987,TXN000203,SENT,357902.96,23,CASH_OUT
C6288227800,TXN000204,SENT,253799.71,23,CASH_OUT
C7271954644,TXN000205,SENT,297316.15,23,CASH_OUT
C5184564874,TXN000206,SENT,306726.27,23,TRANSFER
C4696689457,TXN000207,SENT,53866.33,23,CASH_OUT
C4518871744,TXN000208,SENT,111294.84,23,CASH_OUT
C2304963614,TXN000209,SENT,498853.66,23,CASH_OUT
C5010075517,TXN000210,SENT,172190.27,23,TRANSFER
C7010379415,TXN000211,SENT,226771.15,23,TRANSFER
C6241752544,TXN000212,SENT,55571.98,23,CASH_OUT
C9894264595,TXN000213,SENT,280364.63,24,TRANSFER
C6715705115,TXN000214,SENT,15566.94,24,TRANSFER
C2094024844,TXN000215,SENT,103686.46,24,CASH_OUT
C1470939445,TXN000216,SENT,94292.96,24,TRANSFER
C7625464411,TXN000217,SENT,157388.65,24,TRANSFER
C5759234471,TXN000218,SENT,87091.23,24,TRANSFER
C7371573279,TXN000219,SENT,157279.69,24,CASH_OUT
C1248786714,TXN000220,SENT,298616.48,24,TRANSFER
C2079770569,TXN000221,SENT,277901.38,24,TRANSFER
C7852415525,TXN000222,SENT,475969.13,24,TRANSFER
C6128695961,TXN000223,SENT,246371.21,24,CASH_OUT
C5083595988,TXN000224,SENT,138151.61,25,TRANSFER
C6534540349,TXN000225,SENT,275313.37,25,TRANSFER
C6124453431,TXN000226,SENT,21763.65,25,CASH_OUT
C1470939445,TXN000227,SENT,375921.4,25,CASH_OUT
C2351531223,TXN000228,SENT,388040.19,25,TRANSFER
C1674555072,TXN000229,SENT,83824.83,25,TRANSFER
C9786748825,TXN000230,SENT,141261.42,25,TRANSFER
C3849232839,TXN000231,SENT,492758.66,25,CASH_OUT
C5296710795,TXN000232,SENT,433656.75,25,CASH_OUT
C1798112150,TXN000233,SENT,196957.67,25,CASH_OUT
C9123612497,TXN000234,SENT,202022.54,26,TRANSFER
C7045593274,TXN000235,SENT,434584.97,26,TRANSFER
C7792729530,TXN000236,SENT,425203.01,26,CASH_OUT
C3987248494,TXN000237,SENT,169539.82,26,CASH_OUT
C9080621072,TXN000238,SENT,25156.22,26,TRANSFER
C4919706735,TXN000239,SENT,221201.69,26,TRANSFER
C9592390865,TXN000240,SENT,80329.75,26,CASH_OUT
C6305160342,TXN000241,SENT,451996.33,26,CASH_OUT
C2274350418,TXN000242,SENT,352145.32,26,CASH_OUT
C3051831252,TXN000243,SENT,348102.96,26,TRANSFER
C4131575764,TXN000244,SENT,365650.93,26,TRANSFER
C7415801613,TXN000245,SENT,496477.14,27,TRANSFER
C7519578899,TXN000246,SENT,314411.94,27,CASH_OUT
C2351531223,TXN000247,SENT,376470.38,27,CASH_OUT
C2320763135,TXN000248,SENT,43040.11,27,TRANSFER
C4683935600,TXN000249,SENT,424098.16,27,CASH_OUT
C8252816758,TXN000250,SENT,28230.0,27,TRANSFER
C9639245200,TXN000251,SENT,297370.95,27,TRANSFER
C8612747444,TXN000252,SENT,341788.08,28,TRANSFER
C6884882440,TXN000253,SENT,20873.6,28,TRANSFER
C4405620755,TXN000254,SENT,208300.57,28,TRANSFER
C5071897791,TXN000255,SENT,155643.54,28,TRANSFER
C3792347639,TXN000256,SENT,317512.83,28,CASH_OUT
C5010075517,TXN000257,SENT,29895.07,28,CASH_OUT
C6206015111,TXN000258,SENT,60602.06,28,TRANSFER
C9292791081,TXN000259,SENT,130364.23,28,TRANSFER
C5774080233,TXN000260,SENT,168170.5,29,TRANSFER
C8943866829,TXN000261,SENT,228143.69,29,TRANSFER
C3660223333,TXN000262,SENT,337386.1,29,TRANSFER
C2812140441,TXN000263,SENT,182624.27,29,CASH_OUT
C5693307665,TXN000264,SENT,370592.25,29,CASH_OUT
C5278201677,TXN000265,SENT,187031.28,29,CASH_OUT
C5510938155,TXN000266,SENT,35394.29,29,TRANSFER
C1547374338,TXN000267,SENT,4976.62,29,CASH_OUT
C4256292393,TXN000268,SENT,296253.78,29,TRANSFER
C5083595988,TXN000269,SENT,4182.56,29,CASH_OUT
C8578226896,TXN000270,SENT,1729.56,29,TRANSFER
C3694860228,TXN000271,SENT,210488.11,29,CASH_OUT
C1664847319,TXN000272,SENT,207115.34,30,TRANSFER
C6237376063,TXN000273,SENT,38340.41,30,CASH_OUT
C3328710672,TXN000274,SENT,463094.93,30,CASH_OUT
C2274350418,TXN000275,SENT,68919.81,30,TRANSFER
C7852415525,TXN000276,SENT,61247.63,30,TRANSFER
C7533932947,TXN000277,SENT,46120.02,30,TRANSFER
C5418232833,TXN000278,SENT,75013.57,30,CASH_OUT
C2625792787,TXN000279,SENT,410224.72,30,TRANSFER
C3555656321,TXN000280,SENT,402144.48,31,CASH_OUT
C1251837136,TXN000281,SENT,186747.63,31,CASH_OUT
C9309500117,TXN000282,SENT,11878.29,31,CASH_OUT
C5951406973,TXN000283,SENT,62141.3,31,TRANSFER
C8285786023,TXN000284,SENT,248567.07,31,CASH_OUT
C2139027119,TXN000285,SENT,18290.07,31,CASH_OUT
C5296710795,TXN000286,SENT,31428.56,31,TRANSFER
C8868054898,TXN000287,SENT,397628.28,31,TRANSFER
C5570828113,TXN000288,SENT,251694.23,31,TRANSFER
C4683935600,TXN000289,SENT,265186.71,31,TRANSFER
C1245522987,TXN000290,SENT,28898.42,32,TRANSFER
C3476426797,TXN000291,SENT,88874.08,32,CASH_OUT
C7371573279,TXN000292,SENT,473831.81,32,CASH_OUT
C7099469983,TXN000293,SENT,245727.77,32,CASH_OUT
C3746317213,TXN000294,SENT,101530.73,32,TRANSFER
C8879525611,TXN000295,SENT,293717.98,32,CASH_OUT
C5996775663,TXN000296,SENT,198402.19,33,TRANSFER
C1519709079,TXN000297,SENT,396129.42,33,TRANSFER
C8578226896,TXN000298,SENT,393708.9,33,CASH_OUT
C1230249217,TXN000299,SENT,364686.65,33,TRANSFER
C3693985578,TXN000300,SENT,159790.24,33,CASH_OUT
C3694860228,TXN000301,SENT,166253.04,33,CASH_OUT
C7792729530,TXN000302,SENT,411009.24,33,TRANSFER
C9807209816,TXN000303,SENT,175890.1,33,TRANSFER
C2825989011,TXN000304,SENT,442391.45,33,TRANSFER
C6288227800,TXN000305,SENT,325833.81,33,TRANSFER
C3376077463,TXN000306,SENT,475879.4,33,CASH_OUT
C5837082260,TXN000307,SENT,169637.34,33,CASH_OUT
C6128695961,TXN000308,SENT,79394.78,34,TRANSFER
C7539399243,TXN000309,SENT,270522.59,34,TRANSFER
C3875303857,TXN000310,SENT,28197.92,34,TRANSFER
C7403028869,TXN000311,SENT,49396.46,34,CASH_OUT
C6461974809,TXN000312,SENT,392653.41,34,CASH_OUT
C3476426797,TXN000313,SENT,185331.43,34,CASH_OUT
C9526836552,TXN000314,SENT,31758.05,34,TRANSFER
C1106456634,TXN000315,SENT,485382.06,34,TRANSFER
C5659161352,TXN000316,SENT,433580.11,34,CASH_OUT
C5306459450,TXN000317,SENT,450327.08,34,TRANSFER
C2075321966,TXN000318,SENT,486110.27,34,TRANSFER
C4530959836,TXN000319,SENT,74791.25,35,TRANSFER
C6884882440,TXN000320,SENT,199280.14,35,CASH_OUT
C2812140441,TXN000321,SENT,294200.47,35,TRANSFER
C3693985578,TXN000322,SENT,482451.0,35,TRANSFER
C8316648259,TXN000323,SENT,439068.89,35,CASH_OUT
C8987073217,TXN000324,SENT,309504.0,35,TRANSFER
C2304963614,TXN000325,SENT,238133.88,35,CASH_OUT
C4311931853,TXN000326,SENT,429259.16,35,CASH_OUT
C6534540349,TXN000327,SENT,135440.57,35,TRANSFER
C4877520294,TXN000328,SENT,258734.21,36,TRANSFER
C2566942273,TXN000329,SENT,202289.19,36,CASH_OUT
C2926780541,TXN000330,SENT,17502.45,36,TRANSFER
C6704841644,TXN000331,SENT,199074.2,36,TRANSFER
C7625464411,TXN000332,SENT,480299.67,36,TRANSFER
C9309500117,TXN000333,SENT,46105.57,36,CASH_OUT
C6711463258,TXN000334,SENT,324042.57,36,CASH_OUT
C9229469952,TXN000335,SENT,455846.2,37,CASH_OUT
C9986353481,TXN000336,SENT,321727.42,37,TRANSFER
C3691864041,TXN000337,SENT,412331.1,37,TRANSFER
C2178158203,TXN000338,SENT,281167.1,37,TRANSFER
C4993808565,TXN000339,SENT,163243.4,37,TRANSFER
C7374584386,TXN000340,SENT,259129.5,37,CASH_OUT
C6922713963,TXN000341,SENT,340697.12,38,CASH_OUT
C5659161352,TXN000342,SENT,18624.18,38,TRANSFER
C3952295757,TXN000343,SENT,267782.92,38,TRANSFER
C4888749350,TXN000344,SENT,91386.79,38,TRANSFER
C9438411468,TXN000345,SENT,473514.77,38,TRANSFER
C2188332531,TXN000346,SENT,186469.53,38,TRANSFER
C8995970241,TXN000347,SENT,290576.24,38,TRANSFER
C3051831252,TXN000348,SENT,207140.52,38,TRANSFER
C8612747444,TXN000349,SENT,72468.85,38,TRANSFER
C9155819200,TXN000350,SENT,157393.62,38,TRANSFER
C6726515966,TXN000351,SENT,80059.12,38,TRANSFER
C7418301077,TXN000352,SENT,215083.7,38,TRANSFER
C7597996327,TXN000353,SENT,378667.02,39,TRANSFER
C3338877621,TXN000354,SENT,438615.58,39,TRANSFER
C9986353481,TXN000355,SENT,149802.92,39,TRANSFER
C4993808565,TXN000356,SENT,497740.73,39,CASH_OUT
C1546696950,TXN000357,SENT,363857.25,39,TRANSFER
C6124453431,TXN000358,SENT,188221.02,39,TRANSFER
C4658080160,TXN000359,SENT,54948.61,39,CASH_OUT
C4643576871,TXN000360,SENT,127116.41,39,TRANSFER
C4163119785,TXN000361,SENT,51388.94,39,CASH_OUT
C5659161352,TXN000362,SENT,256280.81,39,CASH_OUT
C2926780541,TXN000363,SENT,486586.74,40,TRANSFER
C3363629219,TXN000364,SENT,165971.2,40,TRANSFER
C2591589823,TXN000365,SENT,474773.56,40,CASH_OUT
C7540301973,TXN000366,SENT,494344.3,40,CASH_OUT
C8934927891,TXN000367,SENT,400996.46,40,TRANSFER
C8429141456,TXN000368,SENT,332014.16,40,CASH_OUT
C3338877621,TXN000369,SENT,92251.84,40,CASH_OUT
C3196545325,TXN000370,SENT,400149.65,40,TRANSFER
C9786748825,TXN000371,SENT,52752.84,40,CASH_OUT
C3030106617,TXN000372,SENT,179940.86,41,CASH_OUT
C4274958945,TXN000373,SENT,57355.8,41,CASH_OUT
C2125089309,TXN000374,SENT,383996.83,41,TRANSFER
C4713453204,TXN000375,SENT,350589.51,41,CASH_OUT
C7186766399,TXN000376,SENT,419677.48,41,TRANSFER
C1519709079,TXN000377,SENT,426083.7,41,CASH_OUT
C1245522987,TXN000378,SENT,26125.01,41,TRANSFER
C5160575046,TXN000379,SENT,400829.38,41,TRANSFER
C6928691380,TXN000380,SENT,52219.02,41,TRANSFER
C2970753705,TXN000381,SENT,319131.52,41,TRANSFER
C9691572571,TXN000382,SENT,422314.4,42,CASH_OUT
C9691572571,TXN000383,SENT,49621.07,42,CASH_OUT
C3971203213,TXN000384,SENT,274297.6,42,TRANSFER
C7099469983,TXN000385,SENT,371512.93,42,CASH_OUT
C9597198563,TXN000386,SENT,358677.17,42,TRANSFER
C2870403050,TXN000387,SENT,229236.55,42,CASH_OUT
C3781569954,TXN000388,SENT,419569.24,42,TRANSFER
C8826851692,TXN000389,SENT,52673.43,42,TRANSFER
C6642201119,TXN000390,SENT,458039.21,42,TRANSFER
C6687206971,TXN000391,SENT,350307.13,43,TRANSFER
C1322401182,TXN000392,SENT,316659.06,43,CASH_OUT
C7760554363,TXN000393,SENT,325393.11,43,TRANSFER
C8047877267,TXN000394,SENT,240704.59,43,TRANSFER
C2503068227,TXN000395,SENT,404344.08,43,CASH_OUT
C4748302739,TXN000396,SENT,375342.32,43,TRANSFER
C2304963614,TXN000397,SENT,377043.38,43,CASH_OUT
C4550353803,TXN000398,SENT,371463.96,43,CASH_OUT
C5268845844,TXN000399,SENT,194389.77,44,CASH_OUT
C6231117883,TXN000400,SENT,102340.52,44,TRANSFER
C9526836552,TXN000401,SENT,355063.18,44,TRANSFER
C3952295757,TXN000402,SENT,224958.65,44,TRANSFER
C3781569954,TXN000403,SENT,21276.48,44,CASH_OUT
C3660223333,TXN000404,SENT,355134.96,44,TRANSFER
C7403028869,TXN000405,SENT,151276.25,44,TRANSFER
C3836517266,TXN000406,SENT,478536.87,44,TRANSFER
C1546696950,TXN000407,SENT,441814.97,44,TRANSFER
C1367704871,TXN000408,SENT,412020.51,44,CASH_OUT
C2960488639,TXN000409,SENT,307236.85,44,CASH_OUT
C4095476665,TXN000410,SENT,362263.83,44,TRANSFER
C2960488639,TXN000411,SENT,449242.52,45,CASH_OUT
C6789448659,TXN000412,SENT,313839.6,45,TRANSFER
C3694860228,TXN000413,SENT,439439.98,45,CASH_OUT
C9908115095,TXN000414,SENT,358717.27,45,TRANSFER
C6305160342,TXN000415,SENT,410988.04,45,TRANSFER
C8478529823,TXN000416,SENT,267882.35,45,TRANSFER
C9547119184,TXN000417,SENT,464095.83,45,CASH_OUT
C8093179263,TXN000418,SENT,198161.52,45,TRANSFER
C1083651970,TXN000419,SENT,148194.26,45,TRANSFER
C5010075517,TXN000420,SENT,277208.57,45,CASH_OUT
C9597198563,TXN000421,SENT,153040.89,46,CASH_OUT
C2232285036,TXN000422,SENT,72085.1,46,TRANSFER
C4095476665,TXN000423,SENT,426273.31,46,TRANSFER
C3875303857,TXN000424,SENT,126093.12,46,TRANSFER
C8982597239,TXN000425,SENT,118031.89,46,CASH_OUT
C5570828113,TXN000426,SENT,330051.7,46,TRANSFER
C1104906255,TXN000427,SENT,123841.39,47,TRANSFER
C7271954644,TXN000428,SENT,166449.91,47,TRANSFER
C7045593274,TXN000429,SENT,323130.25,47,CASH_OUT
C4700855390,TXN000430,SENT,39154.73,47,CASH_OUT
C6756332150,TXN000431,SENT,203162.1,47,TRANSFER
C4239406957,TXN000432,SENT,75167.86,47,TRANSFER
C3849232839,TXN000433,SENT,255695.58,47,CASH_OUT
C9633533290,TXN000434,SENT,257554.2,47,CASH_OUT
C9957813353,TXN000435,SENT,469648.45,47,CASH_OUT
C2274350418,TXN000436,SENT,259424.73,47,TRANSFER
C8934927891,TXN000437,SENT,52509.28,47,CASH_OUT
C1306702926,TXN000438,SENT,285509.92,47,TRANSFER
C6305160342,TXN000439,SENT,258669.52,48,TRANSFER
C8949781901,TXN000440,SENT,220509.45,48,TRANSFER
C1519709079,TXN000441,SENT,408660.58,48,TRANSFER
C7311011808,TXN000442,SENT,295804.66,48,TRANSFER
C6447717367,TXN000443,SENT,256808.77,48,TRANSFER
C3030106617,TXN000444,SENT,300079.4,48,TRANSFER
C3294092753,TXN000445,SENT,109080.12,48,CASH_OUT
C7380780055,TXN000446,SENT,72213.36,48,TRANSFER
C1116402431,TXN000447,SENT,343109.99,48,CASH_OUT
C9592390865,TXN000448,SENT,261832.96,48,TRANSFER
C6317189421,TXN000449,SENT,300307.08,48,CASH_OUT
C9650701349,TXN000450,SENT,270103.71,48,TRANSFER
C4712367625,TXN000451,SENT,265378.44,49,TRANSFER
C2870403050,TXN000452,SENT,418758.07,49,TRANSFER
C6649827836,TXN000453,SENT,204914.71,49,CASH_OUT
C5774080233,TXN000454,SENT,327618.51,49,CASH_OUT
C7374584386,TXN000455,SENT,427633.49,49,TRANSFER
C9935429720,TXN000456,SENT,392110.42,49,CASH_OUT
C2188332531,TXN000457,SENT,353041.81,49,TRANSFER
C2960488639,TXN000458,SENT,51039.03,49,CASH_OUT
C9633533290,TXN000459,SENT,26974.35,49,CASH_OUT
C9957813353,TXN000460,SENT,218253.34,50,TRANSFER
C6642201119,TXN000461,SENT,307368.83,50,TRANSFER
C9894264595,TXN000462,SENT,6344.49,50,CASH_OUT
C1422701550,TXN000463,SENT,255763.38,50,TRANSFER
C6272000062,TXN000464,SENT,44334.56,50,TRANSFER
C9333798503,TXN000465,SENT,8667.89,50,CASH_OUT
C3952295757,TXN000466,SENT,174699.53,50,TRANSFER
C1422701550,TXN000467,SENT,287878.45,50,CASH_OUT
C3376077463,TXN000468,SENT,401668.18,50,TRANSFER
C8578226896,TXN000469,SENT,282021.13,50,CASH_OUT
C7333678472,TXN000470,SENT,241503.11,50,TRANSFER
C3667292043,TXN000471,SENT,206800.56,50,TRANSFER
C2137651678,TXN000472,SENT,410716.27,51,TRANSFER
C2591589823,TXN000473,SENT,341870.55,51,TRANSFER
C2699887270,TXN000474,SENT,417635.3,51,CASH_OUT
C8235363119,TXN000475,SENT,246839.77,51,TRANSFER
C6493800024,TXN000476,SENT,449162.48,51,CASH_OUT
C8093179263,TXN000477,SENT,199541.87,51,TRANSFER
C4226113732,TXN000478,SENT,17248.76,51,TRANSFER
C4853479481,TXN000479,SENT,259584.36,51,CASH_OUT
C5748253283,TXN000480,SENT,306776.27,52,TRANSFER
C6756711494,TXN000481,SENT,249886.24,52,TRANSFER
C4776436931,TXN000482,SENT,66438.44,52,CASH_OUT
C5278201677,TXN000483,SENT,216677.16,52,TRANSFER
C3361388464,TXN000484,SENT,89127.03,52,CASH_OUT
C5510938155,TXN000485,SENT,392881.14,52,CASH_OUT
C2304963614,TXN000486,SENT,407095.22,52,TRANSFER
C7271954644,TXN000487,SENT,465990.44,52,TRANSFER
C5515628633,TXN000488,SENT,288850.02,52,TRANSFER
C5931025271,TXN000489,SENT,387597.44,52,TRANSFER
C7533932947,TXN000490,SENT,434260.57,52,CASH_OUT
C4131575764,TXN000491,SENT,114880.75,53,CASH_OUT
C2079770569,TXN000492,SENT,390706.04,53,TRANSFER
C3710566582,TXN000493,SENT,63394.92,53,TRANSFER
C8300300577,TXN000494,SENT,199125.75,53,CASH_OUT
C8995970241,TXN000495,SENT,262467.41,53,TRANSFER
C2149938334,TXN000496,SENT,155375.96,53,CASH_OUT
C9592390865,TXN000497,SENT,15257.08,53,CASH_OUT
C3319936135,TXN000498,SENT,467493.93,53,TRANSFER
C4239406957,TXN000499,SENT,228815.17,53,CASH_OUT
C2503068227,TXN000500,SENT,241344.19,53,CASH_OUT
C8370987661,TXN000501,SENT,1046.08,54,TRANSFER
C9922723063,TXN000502,SENT,461122.11,54,TRANSFER
C5871743247,TXN000503,SENT,274557.89,54,TRANSFER
C7845366946,TXN000504,SENT,414385.0,54,TRANSFER
C5510938155,TXN000505,SENT,403979.9,54,CASH_OUT
C2232285036,TXN000506,SENT,92021.18,54,CASH_OUT
C9904586976,TXN000507,SENT,94706.93,54,CASH_OUT
C1817804383,TXN000508,SENT,135328.37,54,TRANSFER
C1127978094,TXN000509,SENT,210701.27,55,TRANSFER
C1667779376,TXN000510,SENT,475870.38,55,CASH_OUT
C4131356954,TXN000511,SENT,408808.11,55,TRANSFER
C3555656321,TXN000512,SENT,124333.93,55,CASH_OUT
C7805745017,TXN000513,SENT,236939.95,55,CASH_OUT
C7887950851,TXN000514,SENT,260942.2,55,CASH_OUT
C7671625956,TXN000515,SENT,118746.95,55,CASH_OUT
C2867302554,TXN000516,SENT,5456.0,56,TRANSFER
C5667181604,TXN000517,SENT,45650.47,56,TRANSFER
C1392245997,TXN000518,SENT,178403.32,56,CASH_OUT
C7045593274,TXN000519,SENT,394492.35,56,TRANSFER
C1230249217,TXN000520,SENT,68231.35,56,TRANSFER
C3376077463,TXN000521,SENT,95698.14,56,TRANSFER
C2139027119,TXN000522,SENT,457322.53,56,CASH_OUT
C6464693977,TXN000523,SENT,184189.24,56,TRANSFER
C8763140509,TXN000524,SENT,428557.81,56,TRANSFER
C3799264931,TXN000525,SENT,262510.81,56,CASH_OUT
C8313706299,TXN000526,SENT,262077.07,56,TRANSFER
C2811967841,TXN000527,SENT,50278.04,56,CASH_OUT
C8261111839,TXN000528,SENT,25493.73,57,TRANSFER
C3363629219,TXN000529,SENT,234561.51,57,TRANSFER
C6704841644,TXN000530,SENT,411997.84,57,CASH_OUT
C4633987776,TXN000531,SENT,480332.79,57,TRANSFER
C8868054898,TXN000532,SENT,313037.2,57,TRANSFER
C7575259637,TXN000533,SENT,229901.58,57,TRANSFER
C7049001493,TXN000534,SENT,79930.05,57,TRANSFER
C8478529823,TXN000535,SENT,422582.15,57,TRANSFER
C1245522987,TXN000536,SENT,188156.47,57,TRANSFER
C9123612497,TXN000537,SENT,1097.62,57,TRANSFER
C1083651970,TXN000538,SENT,4277.85,57,TRANSFER
C2304963614,TXN000539,SENT,256124.47,58,TRANSFER
C7517938612,TXN000540,SENT,444923.05,58,TRANSFER
C8612747444,TXN000541,SENT,39523.58,58,CASH_OUT
C2304963614,TXN000542,SENT,298020.37,58,TRANSFER
C3479708607,TXN000543,SENT,174617.17,58,TRANSFER
C5686850445,TXN000544,SENT,424889.61,58,CASH_OUT
C6923301988,TXN000545,SENT,282891.53,58,TRANSFER
C9597198563,TXN000546,SENT,297970.96,58,CASH_OUT
C4993808565,TXN000547,SENT,372912.2,59,TRANSFER
C7196439534,TXN000548,SENT,240980.33,59,TRANSFER
C3781569954,TXN000549,SENT,36750.35,59,CASH_OUT
C8110054933,TXN000550,SENT,212346.76,59,CASH_OUT
C9986353481,TXN000551,SENT,308494.28,59,TRANSFER
C2274350418,TXN000552,SENT,78839.62,59,TRANSFER
C7803990970,TXN000553,SENT,434507.42,59,CASH_OUT
C7567496105,TXN000554,SENT,12351.31,59,CASH_OUT
C6698759353,TXN000555,SENT,242030.14,59,TRANSFER
C5033992825,TXN000556,SENT,263872.75,60,CASH_OUT
C7539399243,TXN000557,SENT,233015.45,60,TRANSFER
C2178158203,TXN000558,SENT,180749.35,60,CASH_OUT
C3196545325,TXN000559,SENT,254761.63,60,CASH_OUT
C8110054933,TXN000560,SENT,483428.89,60,CASH_OUT
C9986353481,TXN000561,SENT,372450.97,60,CASH_OUT
C8531118333,TXN000562,SENT,313270.39,60,TRANSFER
C8588769565,TXN000563,SENT,76702.38,60,TRANSFER
C7161404428,TXN000564,SENT,306611.75,60,TRANSFER
C4311931853,TXN000565,SENT,225135.42,60,TRANSFER
C2811967841,TXN000566,SENT,344577.51,60,CASH_OUT
C9916336966,TXN000567,SENT,34839.21,61,TRANSFER
C9957813353,TXN000568,SENT,160025.04,61,TRANSFER
C5829062179,TXN000569,SENT,466691.77,61,TRANSFER
C4248149900,TXN000570,SENT,134164.44,61,TRANSFER
C9908115095,TXN000571,SENT,344382.5,61,TRANSFER
C7597996327,TXN000572,SENT,246231.35,61,CASH_OUT
C1127978094,TXN000573,SENT,112054.55,61,CASH_OUT
C6317189421,TXN000574,SENT,433697.37,61,TRANSFER
C9333798503,TXN000575,SENT,367930.56,61,TRANSFER
C4658080160,TXN000576,SENT,438015.7,61,CASH_OUT
C7887950851,TXN000577,SENT,259832.62,61,CASH_OUT
C5694628398,TXN000578,SENT,146298.5,61,TRANSFER
C3710566582,TXN000579,SENT,459597.38,62,TRANSFER
C2970753705,TXN000580,SENT,90705.92,62,CASH_OUT
C9597198563,TXN000581,SENT,13431.14,62,TRANSFER
C7462972995,TXN000582,SENT,346167.0,62,CASH_OUT
C4095476665,TXN000583,SENT,182108.75,62,TRANSFER
C1116402431,TXN000584,SENT,189960.64,62,CASH_OUT
C9916336966,TXN000585,SENT,81899.92,62,CASH_OUT
C2188332531,TXN000586,SENT,480522.09,62,TRANSFER
C9697354961,TXN000587,SENT,7091.67,62,CASH_OUT
C6206015111,TXN000588,SENT,109220.05,62,CASH_OUT
C6922713963,TXN000589,SENT,441201.76,62,TRANSFER
C8763140509,TXN000590,SENT,175160.9,62,TRANSFER
C3597724331,TXN000591,SENT,25466.65,63,CASH_OUT
C8721631198,TXN000592,SENT,297889.52,63,CASH_OUT
C5693307665,TXN000593,SENT,162088.1,63,CASH_OUT
C3875303857,TXN000594,SENT,68138.35,63,CASH_OUT
C6923301988,TXN000595,SENT,306414.82,63,TRANSFER
C4034047118,TXN000596,SENT,467011.95,63,CASH_OUT
C8868054898,TXN000597,SENT,177572.82,63,TRANSFER
C6246716604,TXN000598,SENT,441948.18,63,TRANSFER
C3691864041,TXN000599,SENT,368996.72,63,TRANSFER
C2145921803,TXN000600,SENT,106956.63,63,TRANSFER
C2188332531,TXN000601,SENT,162638.0,64,CASH_OUT
C2950049698,TXN000602,SENT,416189.34,64,TRANSFER
C6461974809,TXN000603,SENT,68741.19,64,TRANSFER
C5736462531,TXN000604,SENT,463967.2,64,CASH_OUT
C8588769565,TXN000605,SENT,289121.42,64,CASH_OUT
C3361388464,TXN000606,SENT,170237.06,64,TRANSFER
C6075963527,TXN000607,SENT,59305.47,64,TRANSFER
C1674555072,TXN000608,SENT,44312.09,64,CASH_OUT
C4645120421,TXN000609,SENT,57003.4,65,CASH_OUT
C4643576871,TXN000610,SENT,452572.94,65,CASH_OUT
C5310195918,TXN000611,SENT,384971.22,65,CASH_OUT
C4965395580,TXN000612,SENT,194406.52,65,CASH_OUT
C4466589567,TXN000613,SENT,436065.67,65,TRANSFER
C5829062179,TXN000614,SENT,379488.42,65,CASH_OUT
C3316787198,TXN000615,SENT,335890.9,65,TRANSFER
C9438411468,TXN000616,SENT,271721.83,65,CASH_OUT
C2591589823,TXN000617,SENT,156377.4,65,CASH_OUT
C8293453178,TXN000618,SENT,26177.55,65,TRANSFER
C4178659381,TXN000619,SENT,315105.87,65,TRANSFER
C2067970820,TXN000620,SENT,404840.61,65,TRANSFER
C7196439534,TXN000621,SENT,155885.45,66,TRANSFER
C2627677155,TXN000622,SENT,129768.33,66,TRANSFER
C4696689457,TXN000623,SENT,227188.25,66,CASH_OUT
C4888749350,TXN000624,SENT,302615.68,66,TRANSFER
C5567816720,TXN000625,SENT,36391.07,66,CASH_OUT
C8507497883,TXN000626,SENT,80351.12,66,CASH_OUT
C8578226896,TXN000627,SENT,284038.39,66,TRANSFER
C4550353803,TXN000628,SENT,418537.35,66,CASH_OUT
C4643576871,TXN000629,SENT,35734.21,66,TRANSFER
C2140169349,TXN000630,SENT,330422.21,66,CASH_OUT
C3746317213,TXN000631,SENT,75459.0,67,CASH_OUT
C4700855390,TXN000632,SENT,150567.93,67,CASH_OUT
C7418301077,TXN000633,SENT,495154.34,67,CASH_OUT
C3376077463,TXN000634,SENT,483981.86,67,CASH_OUT
C6882074066,TXN000635,SENT,216426.04,67,TRANSFER
C7418301077,TXN000636,SENT,87531.64,67,TRANSFER
C7271954644,TXN000637,SENT,144946.96,67,CASH_OUT
C6122110529,TXN000638,SENT,329305.42,67,TRANSFER
C8106906538,TXN000639,SENT,302610.33,67,TRANSFER
C7852415525,TXN000640,SENT,93709.73,67,CASH_OUT
C3328710672,TXN000641,SENT,206008.07,67,CASH_OUT
C4178659381,TXN000642,SENT,241284.92,67,CASH_OUT
C9343730920,TXN000643,SENT,258957.83,68,TRANSFER
C2178158203,TXN000644,SENT,342352.94,68,CASH_OUT
C2503068227,TXN000645,SENT,227563.35,68,CASH_OUT
C3376077463,TXN000646,SENT,347830.53,68,TRANSFER
C5694628398,TXN000647,SENT,286857.14,68,TRANSFER
C5570828113,TXN000648,SENT,39354.27,68,TRANSFER
C2139027119,TXN000649,SENT,370973.15,68,CASH_OUT
C4712367625,TXN000650,SENT,391481.32,68,CASH_OUT
C2149938334,TXN000651,SENT,467036.99,68,TRANSFER
C3328710672,TXN000652,SENT,319149.76,68,CASH_OUT
C9935429720,TXN000653,SENT,84632.6,68,CASH_OUT
C3316787198,TXN000654,SENT,353098.29,69,CASH_OUT
C2812140441,TXN000655,SENT,191620.04,69,CASH_OUT
C7010379415,TXN000656,SENT,177560.22,69,CASH_OUT
C9904586976,TXN000657,SENT,401355.86,69,CASH_OUT
C1245522987,TXN000658,SENT,385478.15,69,CASH_OUT
C9963334018,TXN000659,SENT,6968.74,69,TRANSFER
C7380780055,TXN000660,SENT,97346.69,69,TRANSFER
C6065662867,TXN000661,SENT,475293.99,69,CASH_OUT
C4274958945,TXN000662,SENT,450048.71,69,CASH_OUT
C3553440342,TXN000663,SENT,468154.85,69,CASH_OUT
C7671625956,TXN000664,SENT,129410.96,69,TRANSFER
C9155819200,TXN000665,SENT,477847.24,70,TRANSFER
C8721631198,TXN000666,SENT,246536.59,70,CASH_OUT
C9805620900,TXN000667,SENT,18395.59,70,CASH_OUT
C9703905715,TXN000668,SENT,326779.8,70,CASH_OUT
C6633778586,TXN000669,SENT,287745.49,70,TRANSFER
C9263135031,TXN000670,SENT,270524.23,70,TRANSFER
C3792347639,TXN000671,SENT,167386.42,71,TRANSFER
C6122110529,TXN000672,SENT,426817.7,71,CASH_OUT
C2811967841,TXN000673,SENT,483788.97,71,TRANSFER
C1230249217,TXN000674,SENT,442721.86,71,TRANSFER
C6447717367,TXN000675,SENT,32433.32,71,TRANSFER
C7852415525,TXN000676,SENT,19484.3,71,TRANSFER
C5774080233,TXN000677,SENT,333990.89,71,TRANSFER
C8826851692,TXN000678,SENT,19401.96,71,TRANSFER
C1367704871,TXN000679,SENT,8168.24,71,TRANSFER
C7648059419,TXN000680,SENT,32914.85,72,CASH_OUT
C5071897791,TXN000681,SENT,213679.52,72,CASH_OUT
C7015992643,TXN000682,SENT,161473.35,72,TRANSFER
C8987073217,TXN000683,SENT,137672.79,72,TRANSFER
C9894847574,TXN000684,SENT,21308.75,72,TRANSFER
C4683935600,TXN000685,SENT,41280.58,72,CASH_OUT
C6447717367,TXN000686,SENT,347058.26,72,CASH_OUT
C5278201677,TXN000687,SENT,120387.63,72,TRANSFER
C2250949136,TXN000688,SENT,313968.64,72,CASH_OUT
C5774080233,TXN000689,SENT,309841.55,72,TRANSFER
C7403028869,TXN000690,SENT,27481.44,72,TRANSFER
C6461974809,TXN000691,SENT,335401.17,72,CASH_OUT
C5071897791,TXN000692,SENT,227120.67,73,TRANSFER
C1519709079,TXN000693,SENT,257936.96,73,TRANSFER
C5659161352,TXN000694,SENT,449288.01,73,CASH_OUT
C3328710672,TXN000695,SENT,188390.66,73,TRANSFER
C2047905204,TXN000696,SENT,228040.45,73,TRANSFER
C6246716604,TXN000697,SENT,101903.23,73,CASH_OUT
C1083651970,TXN000698,SENT,229830.88,73,TRANSFER
C7575259637,TXN000699,SENT,289482.6,73,CASH_OUT
C4645120421,TXN000700,SENT,140306.27,73,TRANSFER
C7418301077,TXN000701,SENT,473179.92,74,TRANSFER
C9922723063,TXN000702,SENT,17776.66,74,TRANSFER
C5284391408,TXN000703,SENT,42462.67,74,CASH_OUT
C6009268066,TXN000704,SENT,120292.14,74,TRANSFER
C2452066459,TXN000705,SENT,373896.06,74,CASH_OUT
C9333798503,TXN000706,SENT,313778.67,74,CASH_OUT
C3196545325,TXN000707,SENT,265929.24,74,CASH_OUT
C3363629219,TXN000708,SENT,310607.15,75,TRANSFER
C9691572571,TXN000709,SENT,192094.54,75,CASH_OUT
C6122110529,TXN000710,SENT,280818.35,75,TRANSFER
C4239406957,TXN000711,SENT,368952.65,75,TRANSFER
C5083595988,TXN000712,SENT,449068.59,75,CASH_OUT
C9123612497,TXN000713,SENT,414950.35,75,TRANSFER
C9123612497,TXN000714,SENT,472737.3,75,CASH_OUT
C4853479481,TXN000715,SENT,449074.98,75,CASH_OUT
C7539399243,TXN000716,SENT,437621.58,75,TRANSFER
C5078551333,TXN000717,SENT,174003.42,75,CASH_OUT
C6241752544,TXN000718,SENT,417638.81,76,TRANSFER
C1547374338,TXN000719,SENT,348734.93,76,CASH_OUT
C9986353481,TXN000720,SENT,114164.19,76,TRANSFER
C4289233844,TXN000721,SENT,478150.71,76,CASH_OUT
C9894264595,TXN000722,SENT,452450.86,76,TRANSFER
C2465576748,TXN000723,SENT,185466.4,76,CASH_OUT
C1106456634,TXN000724,SENT,270393.43,76,CASH_OUT
C6805759868,TXN000725,SENT,463977.83,76,TRANSFER
C6201313620,TXN000726,SENT,484833.17,77,TRANSFER
C5010075517,TXN000727,SENT,170003.53,77,CASH_OUT
C5515628633,TXN000728,SENT,13373.0,77,TRANSFER
C1547374338,TXN000729,SENT,292132.29,77,TRANSFER
C3799264931,TXN000730,SENT,336107.33,77,TRANSFER
C8949781901,TXN000731,SENT,454315.03,77,TRANSFER
C4712367625,TXN000732,SENT,143040.53,77,CASH_OUT
C2351531223,TXN000733,SENT,371022.31,77,CASH_OUT
C8184602688,TXN000734,SENT,70644.28,77,CASH_OUT
C3319936135,TXN000735,SENT,493332.54,77,TRANSFER
C6715705115,TXN000736,SENT,88271.61,78,TRANSFER
C2926780541,TXN000737,SENT,145442.12,78,CASH_OUT
C8854238082,TXN000738,SENT,370188.16,78,TRANSFER
C6715705115,TXN000739,SENT,62964.29,78,TRANSFER
C1230249217,TXN000740,SENT,60557.98,78,TRANSFER
C5829062179,TXN000741,SENT,283221.72,78,TRANSFER
C7597996327,TXN000742,SENT,9755.0,79,CASH_OUT
C8033702319,TXN000743,SENT,179335.35,79,TRANSFER
C8982597239,TXN000744,SENT,265276.55,79,CASH_OUT
C7805745017,TXN000745,SENT,272312.46,79,TRANSFER
C7015992643,TXN000746,SENT,48820.87,79,TRANSFER
C6923206003,TXN000747,SENT,242964.61,79,TRANSFER
C1251837136,TXN000748,SENT,307100.75,79,TRANSFER
C2075321966,TXN000749,SENT,230785.19,79,CASH_OUT
C4311931853,TXN000750,SENT,408702.31,79,TRANSFER
C1674555072,TXN000751,SENT,407472.48,79,TRANSFER
C3615507143,TXN000752,SENT,212977.73,79,TRANSFER
C2075321966,TXN000753,SENT,54800.87,80,CASH_OUT
C5774080233,TXN000754,SENT,34057.43,80,TRANSFER
C5418232833,TXN000755,SENT,93206.13,80,CASH_OUT
C4783282817,TXN000756,SENT,176749.43,80,CASH_OUT
C6237376063,TXN000757,SENT,409973.67,80,CASH_OUT
C4888749350,TXN000758,SENT,3160.14,80,CASH_OUT
C3319936135,TXN000759,SENT,93377.76,81,CASH_OUT
C2140169349,TXN000760,SENT,114549.55,81,CASH_OUT
C7567496105,TXN000761,SENT,381374.57,81,TRANSFER
C8047877267,TXN000762,SENT,300594.36,81,TRANSFER
C3849232839,TXN000763,SENT,95203.71,81,CASH_OUT
C5515628633,TXN000764,SENT,499362.94,81,TRANSFER
C9650701349,TXN000765,SENT,72540.41,81,TRANSFER
C1983297492,TXN000766,SENT,169977.19,81,TRANSFER
C8184602688,TXN000767,SENT,382643.69,81,TRANSFER
C4642197907,TXN000768,SENT,301979.55,81,CASH_OUT
C2948728483,TXN000769,SENT,116180.07,82,TRANSFER
C6884882440,TXN000770,SENT,486064.2,82,CASH_OUT
C7010379415,TXN000771,SENT,376053.26,82,CASH_OUT
C2785736751,TXN000772,SENT,172464.21,82,CASH_OUT
C1667779376,TXN000773,SENT,192431.31,82,CASH_OUT
C1667779376,TXN000774,SENT,430319.99,82,TRANSFER
C7845366946,TXN000775,SENT,55581.61,82,TRANSFER
C4361393222,TXN000776,SENT,427321.38,82,CASH_OUT
C5071897791,TXN000777,SENT,488913.69,82,CASH_OUT
C6124453431,TXN000778,SENT,292399.52,82,TRANSFER
C8982597239,TXN000779,SENT,330958.76,82,TRANSFER
C2566942273,TXN000780,SENT,169459.53,82,CASH_OUT
C4226113732,TXN000781,SENT,134042.82,83,CASH_OUT
C9462806178,TXN000782,SENT,286696.78,83,CASH_OUT
C4993808565,TXN000783,SENT,334026.39,83,CASH_OUT
C7792729530,TXN000784,SENT,420349.86,83,TRANSFER
C7049001493,TXN000785,SENT,371701.12,83,CASH_OUT
C6884882440,TXN000786,SENT,238158.92,83,TRANSFER
C8377088167,TXN000787,SENT,157363.13,83,TRANSFER
C4748302739,TXN000788,SENT,440567.39,83,TRANSFER
C3294092753,TXN000789,SENT,469113.39,83,TRANSFER
C7418301077,TXN000790,SENT,313752.48,84,CASH_OUT
C7015992643,TXN000791,SENT,205719.87,84,TRANSFER
C6583444930,TXN000792,SENT,81131.57,84,CASH_OUT
C3361388464,TXN000793,SENT,398725.34,84,TRANSFER
C5693307665,TXN000794,SENT,69078.88,84,TRANSFER
C6317189421,TXN000795,SENT,481929.66,84,CASH_OUT
C6649827836,TXN000796,SENT,433718.72,84,CASH_OUT
C2970753705,TXN000797,SENT,421532.38,84,CASH_OUT
C5184564874,TXN000798,SENT,465846.26,84,TRANSFER
C2125089309,TXN000799,SENT,368880.94,84,TRANSFER
C5567816720,TXN000800,SENT,220298.23,84,TRANSFER
C9639245200,TXN000801,SENT,237952.21,84,TRANSFER
C7845366946,TXN000802,SENT,11516.03,85,TRANSFER
C2178158203,TXN000803,SENT,345650.55,85,CASH_OUT
C9547119184,TXN000804,SENT,61904.83,85,TRANSFER
C9597198563,TXN000805,SENT,151143.19,85,TRANSFER
C2452066459,TXN000806,SENT,159274.99,85,TRANSFER
C2139027119,TXN000807,SENT,470307.21,85,CASH_OUT
C7483366056,TXN000808,SENT,131224.07,85,CASH_OUT
C9196564761,TXN000809,SENT,14648.1,86,CASH_OUT
C8313706299,TXN000810,SENT,100837.58,86,CASH_OUT
C3555656321,TXN000811,SENT,415480.07,86,TRANSFER
C4882343658,TXN000812,SENT,67621.39,86,CASH_OUT
C6882074066,TXN000813,SENT,184432.18,86,TRANSFER
C4361393222,TXN000814,SENT,461633.06,86,CASH_OUT
C2067970820,TXN000815,SENT,25841.7,86,CASH_OUT
C6704841644,TXN000816,SENT,59557.91,86,TRANSFER
C7462972995,TXN000817,SENT,60137.66,86,CASH_OUT
C6583444930,TXN000818,SENT,191654.68,86,CASH_OUT
C6882074066,TXN000819,SENT,209747.16,86,TRANSFER
C5160575046,TXN000820,SENT,185449.23,87,CASH_OUT
C6687206971,TXN000821,SENT,199379.8,87,TRANSFER
C5667181604,TXN000822,SENT,278942.99,87,TRANSFER
C6075963527,TXN000823,SENT,355073.42,87,TRANSFER
C7161404428,TXN000824,SENT,335959.75,87,TRANSFER
C1983297492,TXN000825,SENT,439070.48,87,TRANSFER
C8047877267,TXN000826,SENT,250106.1,87,TRANSFER
C6320115677,TXN000827,SENT,463431.72,87,TRANSFER
C8093179263,TXN000828,SENT,426663.8,88,CASH_OUT
C8380507338,TXN000829,SENT,130851.76,88,TRANSFER
C3987248494,TXN000830,SENT,494420.47,88,CASH_OUT
C4289233844,TXN000831,SENT,102663.12,88,CASH_OUT
C9904586976,TXN000832,SENT,293253.02,88,CASH_OUT
C7292076361,TXN000833,SENT,384358.46,88,CASH_OUT
C3051831252,TXN000834,SENT,295578.91,88,CASH_OUT
C3836517266,TXN000835,SENT,314550.01,88,TRANSFER
C4256292393,TXN000836,SENT,473761.78,88,TRANSFER
C3303082117,TXN000837,SENT,162262.25,88,TRANSFER
C7161404428,TXN000838,SENT,89827.39,88,CASH_OUT
C3363629219,TXN000839,SENT,201795.72,89,TRANSFER
C8285786023,TXN000840,SENT,451963.4,89,TRANSFER
C2926780541,TXN000841,SENT,238743.4,89,TRANSFER
C9633533290,TXN000842,SENT,213582.53,89,CASH_OUT
C9908115095,TXN000843,SENT,264112.08,89,TRANSFER
C8235363119,TXN000844,SENT,150896.23,89,TRANSFER
C6698759353,TXN000845,SENT,24816.41,90,CASH_OUT
C8184602688,TXN000846,SENT,330766.77,90,TRANSFER
C6242173772,TXN000847,SENT,90596.55,90,TRANSFER
C4178659381,TXN000848,SENT,362323.25,90,TRANSFER
C1817804383,TXN000849,SENT,373767.63,90,TRANSFER
C2181241943,TXN000850,SENT,86695.94,90,TRANSFER
C5829062179,TXN000851,SENT,152097.19,90,CASH_OUT
C2304963614,TXN000852,SENT,44729.93,90,CASH_OUT
C7146318035,TXN000853,SENT,241077.48,91,TRANSFER
C3799264931,TXN000854,SENT,385090.85,91,CASH_OUT
C4550353803,TXN000855,SENT,236273.11,91,CASH_OUT
C8339176912,TXN000856,SENT,52229.1,91,CASH_OUT
C3987248494,TXN000857,SENT,365808.19,91,TRANSFER
C8055556030,TXN000858,SENT,467705.2,91,TRANSFER
C9703905715,TXN000859,SENT,277074.59,91,TRANSFER
C4256292393,TXN000860,SENT,224714.37,91,TRANSFER
C2825989011,TXN000861,SENT,294241.7,91,TRANSFER
C6474354351,TXN000862,SENT,361774.51,91,CASH_OUT
C7271954644,TXN000863,SENT,311299.35,91,CASH_OUT
C2926780541,TXN000864,SENT,51350.96,91,TRANSFER
C4518871744,TXN000865,SENT,180034.59,92,TRANSFER
C6242173772,TXN000866,SENT,169529.64,92,TRANSFER
C7045593274,TXN000867,SENT,392658.02,92,CASH_OUT
C2304963614,TXN000868,SENT,335073.46,92,CASH_OUT
C9935429720,TXN000869,SENT,391044.55,92,TRANSFER
C7166868574,TXN000870,SENT,59911.62,92,CASH_OUT
C3836517266,TXN000871,SENT,249697.11,92,CASH_OUT
C2948728483,TXN000872,SENT,484848.7,92,CASH_OUT
C4482238042,TXN000873,SENT,43531.7,93,CASH_OUT
C5184564874,TXN000874,SENT,377000.08,93,TRANSFER
C6587537178,TXN000875,SENT,397509.07,93,TRANSFER
C9963334018,TXN000876,SENT,471877.78,93,TRANSFER
C5728765136,TXN000877,SENT,330427.91,93,TRANSFER
C5306459450,TXN000878,SENT,486357.91,93,CASH_OUT
C8331319481,TXN000879,SENT,4943.21,93,CASH_OUT
C9547119184,TXN000880,SENT,103361.65,93,CASH_OUT
C7196439534,TXN000881,SENT,202848.35,93,CASH_OUT
C3952295757,TXN000882,SENT,260714.38,93,TRANSFER
C4482238042,TXN000883,SENT,12687.45,93,TRANSFER
C6726515966,TXN000884,SENT,493490.4,93,TRANSFER
C7166868574,TXN000885,SENT,378523.41,94,TRANSFER
C4713453204,TXN000886,SENT,494511.04,94,TRANSFER
C4658080160,TXN000887,SENT,142983.21,94,TRANSFER
C5306459450,TXN000888,SENT,124569.03,94,CASH_OUT
C7271954644,TXN000889,SENT,356108.57,94,CASH_OUT
C4274958945,TXN000890,SENT,39958.27,94,TRANSFER
C4683935600,TXN000891,SENT,292567.59,94,CASH_OUT
C2825957977,TXN000892,SENT,73028.74,94,CASH_OUT
C8055556030,TXN000893,SENT,347540.88,95,CASH_OUT
C9438411468,TXN000894,SENT,301198.51,95,TRANSFER
C8934927891,TXN000895,SENT,186362.21,95,CASH_OUT
C5067116918,TXN000896,SENT,211456.73,95,TRANSFER
C4550353803,TXN000897,SENT,274221.11,95,TRANSFER
C5310195918,TXN000898,SENT,390893.33,95,TRANSFER
C6237376063,TXN000899,SENT,225514.77,95,CASH_OUT
C8261111839,TXN000900,SENT,450221.96,96,CASH_OUT
C9805620900,TXN000901,SENT,45176.42,96,CASH_OUT
C6789448659,TXN000902,SENT,322934.68,96,CASH_OUT
C5078551333,TXN000903,SENT,478689.11,96,CASH_OUT
C9650701349,TXN000904,SENT,481226.01,96,TRANSFER
C8826851692,TXN000905,SENT,303820.56,96,CASH_OUT
C6241752544,TXN000906,SENT,208053.28,96,CASH_OUT
C5284391408,TXN000907,SENT,72873.09,96,TRANSFER
C4877520294,TXN000908,SENT,307623.24,96,TRANSFER
C2094024844,TXN000909,SENT,206998.58,96,TRANSFER
C2811967841,TXN000910,SENT,293428.51,96,TRANSFER
C5728765136,TXN000911,SENT,204131.16,96,TRANSFER
C4037867512,TXN000912,SENT,381726.17,97,TRANSFER
C2960488639,TXN000913,SENT,250715.75,97,CASH_OUT
C1983297492,TXN000914,SENT,476353.7,97,TRANSFER
C8387664437,TXN000915,SENT,1270.92,97,CASH_OUT
C3051831252,TXN000916,SENT,421376.9,97,CASH_OUT
C2503068227,TXN000917,SENT,45767.84,97,TRANSFER
C4776436931,TXN000918,SENT,305612.21,98,CASH_OUT
C8370987661,TXN000919,SENT,226906.32,98,TRANSFER
C9081544414,TXN000920,SENT,67729.15,98,TRANSFER
C4163119785,TXN000921,SENT,278339.54,98,TRANSFER
C1795212538,TXN000922,SENT,16442.81,98,TRANSFER
C5759234471,TXN000923,SENT,413905.95,98,CASH_OUT
C4163119785,TXN000924,SENT,468187.68,98,CASH_OUT
C1674555072,TXN000925,SENT,408324.13,98,TRANSFER
C1977515194,TXN000926,SENT,452349.29,98,CASH_OUT
C3880327491,TXN000927,SENT,284982.01,98,CASH_OUT
C4530959836,TXN000928,SENT,33614.95,98,CASH_OUT
C7249213370,TXN000929,SENT,391344.1,99,CASH_OUT
C3316787198,TXN000930,SENT,280497.87,99,CASH_OUT
C7665963761,TXN000931,SENT,216841.54,99,CASH_OUT
C1977515194,TXN000932,SENT,442017.42,99,TRANSFER
C2181241943,TXN000933,SENT,41822.64,99,TRANSFER
C2304963614,TXN000934,SENT,458580.62,99,CASH_OUT
C8293453178,TXN000935,SENT,296672.85,99,CASH_OUT
C8507497883,TXN000936,SENT,410995.26,99,TRANSFER
C8093179263,TXN000937,SENT,289888.3,100,CASH_OUT
C2125089309,TXN000938,SENT,33449.08,100,TRANSFER
C7393195616,TXN000939,SENT,33829.34,100,TRANSFER
C7161404428,TXN000940,SENT,376229.72,100,TRANSFER
C6642201119,TXN000941,SENT,440089.15,100,TRANSFER
C7462972995,TXN000942,SENT,97048.18,100,CASH_OUT
C1422701550,TXN000943,SENT,319044.5,100,TRANSFER
C7803990970,TXN000944,SENT,31185.1,100,TRANSFER
C9935429720,TXN000945,SENT,442725.73,100,CASH_OUT
C9080621072,TXN000946,SENT,259322.61,100,TRANSFER
C9438411468,TXN000947,SENT,172564.24,101,TRANSFER
C3783290795,TXN000948,SENT,238386.8,101,TRANSFER
C9916336966,TXN000949,SENT,150516.16,101,CASH_OUT
C7887950851,TXN000950,SENT,319744.76,101,CASH_OUT
C7808938880,TXN000951,SENT,403828.38,101,TRANSFER
C9963334018,TXN000952,SENT,277791.11,101,TRANSFER
C7271954644,TXN000953,SENT,100362.31,101,CASH_OUT
C4713453204,TXN000954,SENT,90092.17,102,CASH_OUT
C7635473142,TXN000955,SENT,190082.46,102,CASH_OUT
C9986353481,TXN000956,SENT,404934.4,102,CASH_OUT
C7418301077,TXN000957,SENT,60128.17,102,CASH_OUT
C3316787198,TXN000958,SENT,159657.85,102,TRANSFER
C4248149900,TXN000959,SENT,427363.28,102,CASH_OUT
C5694628398,TXN000960,SENT,425899.82,102,TRANSFER
C9922723063,TXN000961,SENT,33371.65,102,TRANSFER
C7597996327,TXN000962,SENT,90320.26,103,CASH_OUT
C3987248494,TXN000963,SENT,201072.09,103,TRANSFER
C2811967841,TXN000964,SENT,198554.09,103,TRANSFER
C7597996327,TXN000965,SENT,68030.83,103,CASH_OUT
C9421518487,TXN000966,SENT,310941.78,103,TRANSFER
C1041531046,TXN000967,SENT,90603.3,103,CASH_OUT
C6649827836,TXN000968,SENT,256882.7,103,TRANSFER
C4131575764,TXN000969,SENT,100952.99,103,TRANSFER
C7808938880,TXN000970,SENT,96130.58,103,TRANSFER
C7845366946,TXN000971,SENT,5258.41,103,CASH_OUT
C1546696950,TXN000972,SENT,379145.23,103,CASH_OUT
C7249213370,TXN000973,SENT,105727.64,104,CASH_OUT
C6474354351,TXN000974,SENT,170989.13,104,CASH_OUT
C7196439534,TXN000975,SENT,225536.0,104,TRANSFER
C9196564761,TXN000976,SENT,170571.3,104,TRANSFER
C4683935600,TXN000977,SENT,163713.68,104,TRANSFER
C8086172302,TXN000978,SENT,284527.25,104,CASH_OUT
C7161404428,TXN000979,SENT,32790.91,104,TRANSFER
C9123612497,TXN000980,SENT,47527.51,105,CASH_OUT
C1230249217,TXN000981,SENT,94159.36,105,TRANSFER
C2274350418,TXN000982,SENT,35919.74,105,TRANSFER
C5296710795,TXN000983,SENT,65439.7,105,TRANSFER
C4965395580,TXN000984,SENT,216668.14,105,TRANSFER
C4037867512,TXN000985,SENT,342733.13,105,CASH_OUT
C6488854841,TXN000986,SENT,403975.35,105,TRANSFER
C2465576748,TXN000987,SENT,144667.98,105,TRANSFER
C3597724331,TXN000988,SENT,208111.33,106,CASH_OUT
C9650701349,TXN000989,SENT,48671.55,106,TRANSFER
C1519709079,TXN000990,SENT,269331.03,106,CASH_OUT
C6009268066,TXN000991,SENT,496202.47,106,CASH_OUT
C9229469952,TXN000992,SENT,226017.06,106,TRANSFER
C8578226896,TXN000993,SENT,191196.63,106,TRANSFER
C9963334018,TXN000994,SENT,458651.35,106,TRANSFER
C5837082260,TXN000995,SENT,475059.19,106,TRANSFER
C9703905715,TXN000996,SENT,147778.18,106,TRANSFER
C4248149900,TXN000997,SENT,77594.74,106,TRANSFER
C7311011808,TXN000998,SENT,348674.44,106,TRANSFER
C1470939445,TXN000999,SENT,222549.36,107,CASH_OUT
C2811967841,TXN001000,SENT,454469.44,107,TRANSFER
C1127978094,TXN001001,SENT,340299.8,107,TRANSFER
C5184564874,TXN001002,SENT,22962.24,107,CASH_OUT
C7403028869,TXN001003,SENT,467229.36,107,TRANSFER
C8879525611,TXN001004,SENT,327342.39,107,TRANSFER
C4783282817,TXN001005,SENT,22925.53,107,CASH_OUT
C6805759868,TXN001006,SENT,356553.02,107,CASH_OUT
C7805745017,TXN001007,SENT,348461.37,107,TRANSFER
C7792729530,TXN001008,SENT,159665.52,107,TRANSFER
C6206015111,TXN001009,SENT,191803.33,107,TRANSFER
C2812140441,TXN001010,SENT,379711.57,108,CASH_OUT
C8235363119,TXN001011,SENT,249864.51,108,TRANSFER
C3952295757,TXN001012,SENT,369888.56,108,TRANSFER
C6204041308,TXN001013,SENT,324375.17,108,CASH_OUT
C4696689457,TXN001014,SENT,270116.56,108,CASH_OUT
C6289150149,TXN001015,SENT,261214.49,108,CASH_OUT
C4131356954,TXN001016,SENT,469198.99,108,TRANSFER
C6491309593,TXN001017,SENT,213693.67,108,CASH_OUT
C6075963527,TXN001018,SENT,288634.49,108,TRANSFER
C7271954644,TXN001019,SENT,235886.03,108,TRANSFER
C3980491761,TXN001020,SENT,214271.25,109,CASH_OUT
C8299146480,TXN001021,SENT,190844.67,109,TRANSFER
C3980491761,TXN001022,SENT,357716.82,109,CASH_OUT
C5010075517,TXN001023,SENT,202873.08,109,CASH_OUT
C2188332531,TXN001024,SENT,36545.94,109,TRANSFER
C9916336966,TXN001025,SENT,218712.67,109,TRANSFER
C7625464411,TXN001026,SENT,348531.25,109,TRANSFER
C1977515194,TXN001027,SENT,15099.78,110,TRANSFER
C3051831252,TXN001028,SENT,301472.51,110,CASH_OUT
C6458544482,TXN001029,SENT,199435.79,110,CASH_OUT
C7146318035,TXN001030,SENT,415045.03,110,TRANSFER
C7161404428,TXN001031,SENT,206392.89,110,CASH_OUT
C3878201524,TXN001032,SENT,135241.65,110,CASH_OUT
C1958682846,TXN001033,SENT,1787.71,110,CASH_OUT
C9623534576,TXN001034,SENT,89024.25,111,TRANSFER
C6242173772,TXN001035,SENT,283978.97,111,TRANSFER
C4131356954,TXN001036,SENT,220924.49,111,CASH_OUT
C8235363119,TXN001037,SENT,63216.11,111,CASH_OUT
C5570828113,TXN001038,SENT,5743.78,111,TRANSFER
C7887950851,TXN001039,SENT,396101.48,111,CASH_OUT
C5570828113,TXN001040,SENT,302581.4,111,TRANSFER
C8507497883,TXN001041,SENT,199837.2,111,TRANSFER
C7483366056,TXN001042,SENT,362884.87,111,CASH_OUT
C9673185158,TXN001043,SENT,375968.43,111,CASH_OUT
C2232285036,TXN001044,SENT,493104.52,112,TRANSFER
C8429141456,TXN001045,SENT,163437.07,112,TRANSFER
C6756711494,TXN001046,SENT,214530.22,112,TRANSFER
C7483366056,TXN001047,SENT,303979.73,112,CASH_OUT
C7845366946,TXN001048,SENT,249464.6,112,CASH_OUT
C6474354351,TXN001049,SENT,477570.56,112,CASH_OUT
C9650701349,TXN001050,SENT,218011.81,112,TRANSFER
C9229469952,TXN001051,SENT,129556.64,112,CASH_OUT
C1083651970,TXN001052,SENT,362981.79,112,TRANSFER
C9229469952,TXN001053,SENT,322349.28,112,CASH_OUT
C8313706299,TXN001054,SENT,404415.29,112,TRANSFER
C8110054933,TXN001055,SENT,468668.11,112,TRANSFER
C2125089309,TXN001056,SENT,368722.03,113,TRANSFER
C4226113732,TXN001057,SENT,398961.55,113,TRANSFER
C7371573279,TXN001058,SENT,5585.07,113,CASH_OUT
C6464693977,TXN001059,SENT,340310.48,113,CASH_OUT
C3667292043,TXN001060,SENT,155136.82,113,CASH_OUT
C6201313620,TXN001061,SENT,414514.96,113,CASH_OUT
C9155819200,TXN001062,SENT,106095.93,113,CASH_OUT
C7665963761,TXN001063,SENT,90331.1,113,CASH_OUT
C1965067727,TXN001064,SENT,196750.5,114,CASH_OUT
C8339176912,TXN001065,SENT,363650.55,114,TRANSFER
C7010379415,TXN001066,SENT,395847.46,114,TRANSFER
C4633987776,TXN001067,SENT,289001.55,114,CASH_OUT
C8300300577,TXN001068,SENT,5557.12,114,TRANSFER
C4289233844,TXN001069,SENT,340043.19,114,CASH_OUT
C6461974809,TXN001070,SENT,59556.08,114,TRANSFER
C3361388464,TXN001071,SENT,123255.5,114,TRANSFER
C5667181604,TXN001072,SENT,372854.92,114,TRANSFER
C7533932947,TXN001073,SENT,191668.36,114,TRANSFER
C8047877267,TXN001074,SENT,321063.25,114,TRANSFER
C6288227800,TXN001075,SENT,48182.07,114,CASH_OUT
C3597724331,TXN001076,SENT,163289.26,115,CASH_OUT
C9333798503,TXN001077,SENT,197504.48,115,TRANSFER
C6488854841,TXN001078,SENT,269951.91,115,TRANSFER
C9650701349,TXN001079,SENT,431139.72,115,TRANSFER
C2125089309,TXN001080,SENT,287965.43,115,TRANSFER
C7415801613,TXN001081,SENT,253568.01,115,TRANSFER
C3746317213,TXN001082,SENT,473161.09,115,CASH_OUT
C8943866829,TXN001083,SENT,261810.46,115,TRANSFER
C5284391408,TXN001084,SENT,119313.08,115,TRANSFER
C6687206971,TXN001085,SENT,296299.79,115,CASH_OUT
C8370987661,TXN001086,SENT,200629.63,115,TRANSFER
C6491309593,TXN001087,SENT,497684.28,116,TRANSFER
C1116402431,TXN001088,SENT,410962.33,116,CASH_OUT
C1798112150,TXN001089,SENT,266203.61,116,CASH_OUT
C9155819200,TXN001090,SENT,434558.83,116,TRANSFER
C1251837136,TXN001091,SENT,391584.08,116,TRANSFER
C7625464411,TXN001092,SENT,350527.31,116,CASH_OUT
C4888749350,TXN001093,SENT,195392.1,116,CASH_OUT
C3316787198,TXN001094,SENT,238954.07,116,CASH_OUT
C7517938612,TXN001095,SENT,190021.53,116,TRANSFER
C4712367625,TXN001096,SENT,339429.4,116,CASH_OUT
C6474354351,TXN001097,SENT,476355.54,116,TRANSFER
C2351531223,TXN001098,SENT,385518.62,117,TRANSFER
C2137651678,TXN001099,SENT,43207.98,117,TRANSFER
C9963334018,TXN001100,SENT,338839.5,117,CASH_OUT
C7015992643,TXN001101,SENT,349243.09,117,TRANSFER
C5306459450,TXN001102,SENT,375084.31,117,CASH_OUT
C5646751885,TXN001103,SENT,304079.4,117,CASH_OUT
C9526836552,TXN001104,SENT,419865.06,117,TRANSFER
C9639245200,TXN001105,SENT,125632.85,118,TRANSFER
C8377088167,TXN001106,SENT,107319.91,118,TRANSFER
C9986353481,TXN001107,SENT,258248.98,118,TRANSFER
C4026113008,TXN001108,SENT,230716.58,118,CASH_OUT
C8331319481,TXN001109,SENT,5423.0,118,TRANSFER
C8086172302,TXN001110,SENT,4448.32,118,TRANSFER
C7597996327,TXN001111,SENT,446204.5,118,TRANSFER
C2825989011,TXN001112,SENT,373798.45,118,CASH_OUT
C5972484792,TXN001113,SENT,211106.83,118,TRANSFER
C6288227800,TXN001114,SENT,60277.36,119,TRANSFER
C5951406973,TXN001115,SENT,390388.41,119,CASH_OUT
C9592390865,TXN001116,SENT,396563.77,119,CASH_OUT
C7665963761,TXN001117,SENT,215402.86,119,CASH_OUT
C6882074066,TXN001118,SENT,215047.02,119,TRANSFER
C4095476665,TXN001119,SENT,124429.83,119,TRANSFER
C1470939445,TXN001120,SENT,305939.12,119,CASH_OUT
C2867302554,TXN001121,SENT,137656.96,119,TRANSFER
C2926780541,TXN001122,SENT,190795.97,119,TRANSFER
C1251837136,TXN001123,SENT,31613.51,119,CASH_OUT
C9691572571,TXN001124,SENT,356081.21,119,TRANSFER
C5829062179,TXN001125,SENT,236557.02,120,TRANSFER
C2785736751,TXN001126,SENT,56652.78,120,TRANSFER
C4274958945,TXN001127,SENT,405207.59,120,CASH_OUT
C9303285822,TXN001128,SENT,44528.36,120,TRANSFER
C7887950851,TXN001129,SENT,408887.17,120,CASH_OUT
C1367704871,TXN001130,SENT,237625.06,120,CASH_OUT
C3875303857,TXN001131,SENT,426865.71,121,TRANSFER
C2250949136,TXN001132,SENT,34786.54,121,TRANSFER
C6241752544,TXN001133,SENT,348656.41,121,TRANSFER
C8578226896,TXN001134,SENT,248017.92,121,CASH_OUT
C5419627962,TXN001135,SENT,195733.2,121,TRANSFER
C4361393222,TXN001136,SENT,5421.8,121,TRANSFER
C6289150149,TXN001137,SENT,426385.06,121,TRANSFER
C3328710672,TXN001138,SENT,74921.6,122,TRANSFER
C7665963761,TXN001139,SENT,494778.6,122,TRANSFER
C6246716604,TXN001140,SENT,162956.37,122,CASH_OUT
C6687206971,TXN001141,SENT,148152.77,122,TRANSFER
C8982597239,TXN001142,SENT,89190.88,122,TRANSFER
C4683935600,TXN001143,SENT,54114.92,122,CASH_OUT
C7403028869,TXN001144,SENT,103873.35,122,CASH_OUT
C7415801613,TXN001145,SENT,116629.85,123,CASH_OUT
C2137651678,TXN001146,SENT,93328.98,123,CASH_OUT
C5010075517,TXN001147,SENT,11502.6,123,TRANSFER
C6206015111,TXN001148,SENT,36952.3,123,TRANSFER
C7483366056,TXN001149,SENT,363655.55,123,CASH_OUT
C2812140441,TXN001150,SENT,467404.19,123,TRANSFER
C6922713963,TXN001151,SENT,478851.23,123,CASH_OUT
C2320763135,TXN001152,SENT,446302.76,124,TRANSFER
C9677466102,TXN001153,SENT,272262.84,124,TRANSFER
C1470939445,TXN001154,SENT,71775.68,124,TRANSFER
C4289233844,TXN001155,SENT,113716.31,124,TRANSFER
C9639245200,TXN001156,SENT,113036.71,124,CASH_OUT
C9155819200,TXN001157,SENT,447897.66,124,TRANSFER
C5515628633,TXN001158,SENT,343893.2,124,CASH_OUT
C6805759868,TXN001159,SENT,405548.99,124,TRANSFER
C3361388464,TXN001160,SENT,160807.75,124,TRANSFER
C1594312071,TXN001161,SENT,289343.6,124,CASH_OUT
C8664882079,TXN001162,SENT,160338.57,124,CASH_OUT
C7792729530,TXN001163,SENT,460880.85,125,CASH_OUT
C3792347639,TXN001164,SENT,42725.24,125,TRANSFER
C8300300577,TXN001165,SENT,118361.34,125,CASH_OUT
C4518871744,TXN001166,SENT,460531.15,125,TRANSFER
C2320763135,TXN001167,SENT,417790.92,125,CASH_OUT
C2627677155,TXN001168,SENT,59500.67,125,TRANSFER
C7539399243,TXN001169,SENT,27987.59,125,CASH_OUT
C4658080160,TXN001170,SENT,74296.45,125,TRANSFER
C7292076361,TXN001171,SENT,235412.6,125,TRANSFER
C4993808565,TXN001172,SENT,347928.27,126,TRANSFER
C9343730920,TXN001173,SENT,6422.92,126,TRANSFER
C8299146480,TXN001174,SENT,459655.96,126,CASH_OUT
C2137651678,TXN001175,SENT,371824.23,126,TRANSFER
C5829062179,TXN001176,SENT,421014.78,126,TRANSFER
C2140169349,TXN001177,SENT,323676.95,126,CASH_OUT
C5418232833,TXN001178,SENT,14996.38,126,TRANSFER
C5667181604,TXN001179,SENT,94684.16,126,TRANSFER
C2149938334,TXN001180,SENT,23392.39,126,TRANSFER
C5310195918,TXN001181,SENT,376088.04,127,TRANSFER
C8982597239,TXN001182,SENT,337668.52,127,TRANSFER
C6726515966,TXN001183,SENT,398238.58,127,TRANSFER
C4530959836,TXN001184,SENT,47552.14,127,TRANSFER
C6128695961,TXN001185,SENT,81362.47,127,CASH_OUT
C7374584386,TXN001186,SENT,171366.23,127,CASH_OUT
C5607762160,TXN001187,SENT,120316.2,128,CASH_OUT
C3693985578,TXN001188,SENT,49605.62,128,CASH_OUT
C2351531223,TXN001189,SENT,157545.63,128,TRANSFER
C9691572571,TXN001190,SENT,90413.94,128,TRANSFER
C7540301973,TXN001191,SENT,325495.75,128,TRANSFER
C8934927891,TXN001192,SENT,201068.67,128,CASH_OUT
C8261111839,TXN001193,SENT,42661.78,128,TRANSFER
C4530959836,TXN001194,SENT,370780.24,128,CASH_OUT
C5033992825,TXN001195,SENT,427060.77,129,TRANSFER
C6474354351,TXN001196,SENT,55450.41,129,TRANSFER
C6859286614,TXN001197,SENT,201358.71,129,CASH_OUT
C1306702926,TXN001198,SENT,227834.74,129,TRANSFER
C3693985578,TXN001199,SENT,387328.56,129,TRANSFER
C5161807235,TXN001200,SENT,476369.86,129,CASH_OUT
C3783290795,TXN001201,SENT,149870.06,129,TRANSFER
C3108307952,TXN001202,SENT,415444.0,129,TRANSFER
C9894847574,TXN001203,SENT,241331.0,129,CASH_OUT
C5268845844,TXN001204,SENT,280893.31,129,TRANSFER
C9957813353,TXN001205,SENT,371675.34,129,CASH_OUT
C4289233844,TXN001206,SENT,57689.83,129,TRANSFER
C7852415525,TXN001207,SENT,317512.23,130,CASH_OUT
C7146318035,TXN001208,SENT,387417.81,130,CASH_OUT
C5515628633,TXN001209,SENT,185757.95,130,TRANSFER
C4919706735,TXN001210,SENT,499525.04,130,TRANSFER
C8093179263,TXN001211,SENT,229952.96,130,TRANSFER
C5972484792,TXN001212,SENT,340460.64,130,TRANSFER
C5284391408,TXN001213,SENT,45729.33,130,CASH_OUT
C8300300577,TXN001214,SENT,50751.33,130,TRANSFER
C3849232839,TXN001215,SENT,112216.81,130,TRANSFER
C9922723063,TXN001216,SENT,483840.43,130,TRANSFER
C3880327491,TXN001217,SENT,391315.83,131,CASH_OUT
C8106906538,TXN001218,SENT,450193.44,131,TRANSFER
C7597996327,TXN001219,SENT,410197.16,131,TRANSFER
C1245522987,TXN001220,SENT,97137.54,131,CASH_OUT
C8943866829,TXN001221,SENT,195815.44,131,CASH_OUT
C1965067727,TXN001222,SENT,355302.41,131,TRANSFER
C8339176912,TXN001223,SENT,458416.02,131,CASH_OUT
C4460967357,TXN001224,SENT,385246.08,131,TRANSFER
C4361393222,TXN001225,SENT,367350.41,131,CASH_OUT
C6128695961,TXN001226,SENT,97720.63,131,TRANSFER
C9462806178,TXN001227,SENT,26822.68,131,CASH_OUT
C8826851692,TXN001228,SENT,230104.73,132,CASH_OUT
C3030106617,TXN001229,SENT,422467.18,132,TRANSFER
C2232285036,TXN001230,SENT,105937.69,132,CASH_OUT
C7852415525,TXN001231,SENT,150078.74,132,CASH_OUT
C1667779376,TXN001232,SENT,496876.05,132,CASH_OUT
C1306702926,TXN001233,SENT,97229.78,132,TRANSFER
C4645120421,TXN001234,SENT,449387.61,133,CASH_OUT
C5268845844,TXN001235,SENT,137559.57,133,TRANSFER
C7374584386,TXN001236,SENT,404696.85,133,CASH_OUT
C2067970820,TXN001237,SENT,141260.3,133,TRANSFER
C4311931853,TXN001238,SENT,476927.28,133,CASH_OUT
C4882343658,TXN001239,SENT,192139.88,133,CASH_OUT
C6488854841,TXN001240,SENT,479090.62,133,CASH_OUT
C9673185158,TXN001241,SENT,58210.33,133,CASH_OUT
C1676168421,TXN001242,SENT,186610.18,133,TRANSFER
C9963334018,TXN001243,SENT,233222.94,133,TRANSFER
C4590711152,TXN001244,SENT,280918.39,134,TRANSFER
C2591589823,TXN001245,SENT,341383.83,134,CASH_OUT
C7099469983,TXN001246,SENT,211197.39,134,TRANSFER
C8943866829,TXN001247,SENT,322189.64,134,TRANSFER
C1546696950,TXN001248,SENT,459099.21,134,TRANSFER
C8106906538,TXN001249,SENT,159277.64,134,TRANSFER
C7099469983,TXN001250,SENT,149923.46,134,CASH_OUT
C2948728483,TXN001251,SENT,52269.06,134,CASH_OUT
C8879525611,TXN001252,SENT,218405.55,134,TRANSFER
C3799264931,TXN001253,SENT,434139.42,135,CASH_OUT
C6924716023,TXN001254,SENT,306762.57,135,CASH_OUT
C7333678472,TXN001255,SENT,431085.55,135,TRANSFER
C2960488639,TXN001256,SENT,264266.88,135,TRANSFER
C2825957977,TXN001257,SENT,132642.2,135,TRANSFER
C7803990970,TXN001258,SENT,428075.87,135,CASH_OUT
C4590711152,TXN001259,SENT,234607.05,135,TRANSFER
C5083595988,TXN001260,SENT,380483.49,135,CASH_OUT
C4274958945,TXN001261,SENT,193402.3,136,TRANSFER
C4642197907,TXN001262,SENT,212123.9,136,TRANSFER
C8033702319,TXN001263,SENT,55989.39,136,TRANSFER
C3319936135,TXN001264,SENT,176626.46,136,TRANSFER
C4590711152,TXN001265,SENT,215993.36,136,TRANSFER
C7161404428,TXN001266,SENT,97771.88,136,TRANSFER
C6206015111,TXN001267,SENT,55483.1,136,TRANSFER
C4095476665,TXN001268,SENT,288040.02,136,TRANSFER
C9547119184,TXN001269,SENT,197049.83,136,CASH_OUT
C3987248494,TXN001270,SENT,174468.92,136,CASH_OUT
C8763140509,TXN001271,SENT,311437.06,137,TRANSFER
C3051831252,TXN001272,SENT,166745.5,137,TRANSFER
C1104906255,TXN001273,SENT,487211.06,137,CASH_OUT
C5759234471,TXN001274,SENT,1502.23,137,TRANSFER
C1939042955,TXN001275,SENT,417844.16,137,TRANSFER
C4633987776,TXN001276,SENT,226855.56,137,TRANSFER
C9691572571,TXN001277,SENT,151265.88,137,TRANSFER
C5667181604,TXN001278,SENT,343206.29,137,CASH_OUT
C7380780055,TXN001279,SENT,179240.01,137,CASH_OUT
C5607762160,TXN001280,SENT,45547.72,137,CASH_OUT
C2139027119,TXN001281,SENT,272913.29,137,TRANSFER
C5515628633,TXN001282,SENT,196122.09,138,TRANSFER
C7887950851,TXN001283,SENT,172293.95,138,TRANSFER
C9292791081,TXN001284,SENT,249964.58,138,TRANSFER
C8261111839,TXN001285,SENT,152519.15,138,CASH_OUT
C8934927891,TXN001286,SENT,62594.45,138,TRANSFER
C3746317213,TXN001287,SENT,175758.9,138,TRANSFER
C7808938880,TXN001288,SENT,356885.35,138,CASH_OUT
C1667779376,TXN001289,SENT,125115.52,139,TRANSFER
C5284391408,TXN001290,SENT,298922.36,139,TRANSFER
C2320763135,TXN001291,SENT,125760.2,139,CASH_OUT
C3597724331,TXN001292,SENT,231116.04,139,TRANSFER
C8868054898,TXN001293,SENT,252403.77,139,TRANSFER
C5296710795,TXN001294,SENT,14184.64,139,TRANSFER
C7393195616,TXN001295,SENT,256591.19,140,CASH_OUT
C9935429720,TXN001296,SENT,202068.12,140,TRANSFER
C8995970241,TXN001297,SENT,415117.25,140,TRANSFER
C3980491761,TXN001298,SENT,61599.9,140,TRANSFER
C3667292043,TXN001299,SENT,281462.58,140,CASH_OUT
C6715705115,TXN001300,SENT,314491.49,140,CASH_OUT
C2926780541,TXN001301,SENT,77358.02,140,CASH_OUT
C6461974809,TXN001302,SENT,222464.12,141,TRANSFER
C8763140509,TXN001303,SENT,130875.49,141,TRANSFER
C4919706735,TXN001304,SENT,11807.28,141,CASH_OUT
C1116402431,TXN001305,SENT,100975.17,141,TRANSFER
C2870403050,TXN001306,SENT,138315.49,141,TRANSFER
C8184602688,TXN001307,SENT,229084.06,141,TRANSFER
C2079770569,TXN001308,SENT,310318.35,141,TRANSFER
C4853479481,TXN001309,SENT,179516.08,142,CASH_OUT
C6201313620,TXN001310,SENT,32320.12,142,TRANSFER
C4713453204,TXN001311,SENT,139891.73,142,CASH_OUT
C2079770569,TXN001312,SENT,303315.06,142,TRANSFER
C9309500117,TXN001313,SENT,294837.2,142,CASH_OUT
C6756332150,TXN001314,SENT,116620.45,142,TRANSFER
C8879525611,TXN001315,SENT,404469.19,142,CASH_OUT
C6642201119,TXN001316,SENT,461265.52,142,TRANSFER
C9805620900,TXN001317,SENT,316015.73,142,CASH_OUT
C7575259637,TXN001318,SENT,98663.26,143,TRANSFER
C1306702926,TXN001319,SENT,404527.44,143,TRANSFER
C6491309593,TXN001320,SENT,446752.21,143,CASH_OUT
C8763140509,TXN001321,SENT,321473.96,143,TRANSFER
C5759234471,TXN001322,SENT,426857.38,143,TRANSFER
C8612747444,TXN001323,SENT,149815.26,143,CASH_OUT
C4696689457,TXN001324,SENT,461214.39,143,CASH_OUT
C9623534576,TXN001325,SENT,121457.8,143,CASH_OUT
C1367704871,TXN001326,SENT,291803.48,143,TRANSFER
C8370987661,TXN001327,SENT,30636.59,144,TRANSFER
C2075321966,TXN001328,SENT,118572.98,144,TRANSFER
C3667292043,TXN001329,SENT,173576.94,144,CASH_OUT
C4332894265,TXN001330,SENT,473353.74,144,CASH_OUT
C7166868574,TXN001331,SENT,216326.27,144,TRANSFER
C3479708607,TXN001332,SENT,267558.74,144,TRANSFER
C3476426797,TXN001333,SENT,63493.46,145,TRANSFER
C5774080233,TXN001334,SENT,176542.76,145,TRANSFER
C2137651678,TXN001335,SENT,207119.68,145,TRANSFER
C1127978094,TXN001336,SENT,406498.32,145,TRANSFER
C4466589567,TXN001337,SENT,327949.27,145,TRANSFER
C2948728483,TXN001338,SENT,125849.23,145,TRANSFER
C8982597239,TXN001339,SENT,222327.38,145,CASH_OUT
C1676168421,TXN001340,SENT,160110.62,145,CASH_OUT
C5296710795,TXN001341,SENT,243617.64,145,TRANSFER
C9986353481,TXN001342,SENT,62251.28,145,TRANSFER
C7196439534,TXN001343,SENT,227427.73,146,CASH_OUT
C6642201119,TXN001344,SENT,30800.3,146,TRANSFER
C7161404428,TXN001345,SENT,112999.78,146,TRANSFER
C3294092753,TXN001346,SENT,381735.16,146,TRANSFER
C6320115677,TXN001347,SENT,109055.53,146,TRANSFER
C1855256552,TXN001348,SENT,376447.96,146,CASH_OUT
C2503068227,TXN001349,SENT,359890.88,147,TRANSFER
C3328710672,TXN001350,SENT,141069.37,147,TRANSFER
C5686850445,TXN001351,SENT,285970.23,147,CASH_OUT
C6128695961,TXN001352,SENT,7157.22,147,TRANSFER
C8168204967,TXN001353,SENT,220514.73,147,CASH_OUT
C6009268066,TXN001354,SENT,469478.29,147,CASH_OUT
C3030106617,TXN001355,SENT,130510.86,147,TRANSFER
C1367704871,TXN001356,SENT,58108.83,147,TRANSFER
C8826851692,TXN001357,SENT,358961.49,147,CASH_OUT
C5515628633,TXN001358,SENT,270680.24,147,TRANSFER
C9639245200,TXN001359,SENT,102816.92,147,TRANSFER
C8313706299,TXN001360,SENT,72396.66,148,TRANSFER
C4877520294,TXN001361,SENT,235871.83,148,TRANSFER
C3361388464,TXN001362,SENT,54009.82,148,TRANSFER
C1306702926,TXN001363,SENT,356707.28,148,CASH_OUT
C3361388464,TXN001364,SENT,40144.04,148,CASH_OUT
C6242173772,TXN001365,SENT,274568.28,148,TRANSFER
C7665963761,TXN001366,SENT,262699.59,148,TRANSFER
C7803990970,TXN001367,SENT,488759.9,148,TRANSFER
C4643576871,TXN001368,SENT,181578.7,148,CASH_OUT
C6128695961,TXN001369,SENT,225035.04,148,CASH_OUT
C3799264931,TXN001370,SENT,337378.46,148,TRANSFER
C4332894265,TXN001371,SENT,491640.63,149,TRANSFER
C7462972995,TXN001372,SENT,209894.18,149,CASH_OUT
C2445662585,TXN001373,SENT,345333.24,149,TRANSFER
C3476426797,TXN001374,SENT,64599.04,149,CASH_OUT
C4993808565,TXN001375,SENT,304769.96,149,TRANSFER
C8737025391,TXN001376,SENT,225427.1,149,CASH_OUT
C8664882079,TXN001377,SENT,458254.58,149,TRANSFER
C6447717367,TXN001378,SENT,325052.98,149,CASH_OUT
C6789448659,TXN001379,SENT,247153.44,150,TRANSFER
C1855256552,TXN001380,SENT,159970.57,150,TRANSFER
C3781569954,TXN001381,SENT,106129.66,150,CASH_OUT
C5284391408,TXN001382,SENT,60156.99,150,CASH_OUT
C9623534576,TXN001383,SENT,494413.98,150,CASH_OUT
C4965395580,TXN001384,SENT,377677.5,150,TRANSFER
C1422701550,TXN001385,SENT,185400.74,150,TRANSFER
C4643576871,TXN001386,SENT,148175.85,150,TRANSFER
C4643576871,TXN001387,SENT,132265.21,150,CASH_OUT
C8047877267,TXN001388,SENT,372394.49,150,CASH_OUT
C9303285822,TXN001389,SENT,256909.21,151,TRANSFER
C8285786023,TXN001390,SENT,397304.5,151,CASH_OUT
C5693307665,TXN001391,SENT,4977.32,151,CASH_OUT
C7760554363,TXN001392,SENT,76565.12,151,CASH_OUT
C2067970820,TXN001393,SENT,475465.55,151,TRANSFER
C4518871744,TXN001394,SENT,89879.4,151,TRANSFER
C9421518487,TXN001395,SENT,242632.3,151,TRANSFER
C3108307952,TXN001396,SENT,196712.82,152,CASH_OUT
C9639245200,TXN001397,SENT,382204.37,152,TRANSFER
C6317189421,TXN001398,SENT,330645.82,152,TRANSFER
C7625464411,TXN001399,SENT,118195.16,152,CASH_OUT
C6587537178,TXN001400,SENT,131541.02,152,CASH_OUT
C4642197907,TXN001401,SENT,134890.3,152,TRANSFER
C2188332531,TXN001402,SENT,286680.34,152,CASH_OUT
C4274958945,TXN001403,SENT,475189.0,153,CASH_OUT
C5759234471,TXN001404,SENT,32668.93,153,TRANSFER
C1519709079,TXN001405,SENT,430001.7,153,TRANSFER
C4645120421,TXN001406,SENT,470066.88,153,TRANSFER
C1470939445,TXN001407,SENT,22100.3,153,CASH_OUT
C1230249217,TXN001408,SENT,375207.78,153,CASH_OUT
C5278201677,TXN001409,SENT,37871.23,153,CASH_OUT
C1127978094,TXN001410,SENT,302831.06,153,TRANSFER
C6075963527,TXN001411,SENT,213151.2,153,TRANSFER
C6272000062,TXN001412,SENT,146328.09,153,TRANSFER
C5972484792,TXN001413,SENT,253790.16,154,TRANSFER
C4248149900,TXN001414,SENT,226682.91,154,CASH_OUT
C2960488639,TXN001415,SENT,55365.28,154,CASH_OUT
C6649827836,TXN001416,SENT,104633.23,154,CASH_OUT
C1546696950,TXN001417,SENT,262179.43,154,TRANSFER
C5296710795,TXN001418,SENT,417327.39,154,TRANSFER
C1311570307,TXN001419,SENT,281642.34,154,CASH_OUT
C8033702319,TXN001420,SENT,277848.82,154,TRANSFER
C3392080953,TXN001421,SENT,7798.64,154,TRANSFER
C4095476665,TXN001422,SENT,248097.08,154,TRANSFER
C4642197907,TXN001423,SENT,218304.22,155,TRANSFER
C9633533290,TXN001424,SENT,325460.14,155,TRANSFER
C5306459450,TXN001425,SENT,126368.44,155,CASH_OUT
C6289150149,TXN001426,SENT,82954.87,155,CASH_OUT
C8168204967,TXN001427,SENT,496661.85,155,TRANSFER
C4853479481,TXN001428,SENT,312861.41,155,TRANSFER
C9526836552,TXN001429,SENT,464011.87,155,CASH_OUT
C9986353481,TXN001430,SENT,202230.91,155,CASH_OUT
C8086172302,TXN001431,SENT,140712.78,155,TRANSFER
C4037867512,TXN001432,SENT,165749.93,155,CASH_OUT
C9196564761,TXN001433,SENT,454705.64,155,TRANSFER
C4645120421,TXN001434,SENT,74099.34,155,TRANSFER
C7665963761,TXN001435,SENT,213277.46,156,TRANSFER
C9597198563,TXN001436,SENT,353416.05,156,TRANSFER
C8949781901,TXN001437,SENT,472799.48,156,TRANSFER
C7625464411,TXN001438,SENT,342998.42,156,CASH_OUT
C6124453431,TXN001439,SENT,335349.51,156,TRANSFER
C7114223633,TXN001440,SENT,466663.03,156,CASH_OUT
C4037867512,TXN001441,SENT,455609.34,156,TRANSFER
C6122110529,TXN001442,SENT,199748.71,156,TRANSFER
C4361393222,TXN001443,SENT,463859.84,157,CASH_OUT
C6122110529,TXN001444,SENT,20058.6,157,TRANSFER
C3781569954,TXN001445,SENT,42329.49,157,TRANSFER
C1674555072,TXN001446,SENT,429087.26,157,TRANSFER
C9155819200,TXN001447,SENT,448970.5,157,CASH_OUT
C1127978094,TXN001448,SENT,208772.99,157,TRANSFER
C5083595988,TXN001449,SENT,134051.33,157,TRANSFER
C1230249217,TXN001450,SENT,318014.56,157,CASH_OUT
C4482238042,TXN001451,SENT,43961.52,158,TRANSFER
C8664882079,TXN001452,SENT,159433.14,158,CASH_OUT
C9963334018,TXN001453,SENT,230714.2,158,TRANSFER
C7114223633,TXN001454,SENT,67234.67,158,CASH_OUT
C2320763135,TXN001455,SENT,113754.23,158,TRANSFER
C6464693977,TXN001456,SENT,133008.03,158,TRANSFER
C8313706299,TXN001457,SENT,343832.9,158,TRANSFER
C8612747444,TXN001458,SENT,217492.85,158,TRANSFER
C6242173772,TXN001459,SENT,397353.22,158,TRANSFER
C1667779376,TXN001460,SENT,329507.76,158,TRANSFER
C4070964768,TXN001461,SENT,450736.17,159,TRANSFER
C4163119785,TXN001462,SENT,168021.53,159,TRANSFER
C9986353481,TXN001463,SENT,93894.2,159,CASH_OUT
C2465576748,TXN001464,SENT,200267.41,159,TRANSFER
C5515628633,TXN001465,SENT,485412.07,159,TRANSFER
C2439622619,TXN001466,SENT,477036.99,159,TRANSFER
C8377088167,TXN001467,SENT,471480.32,159,TRANSFER
C9155819200,TXN001468,SENT,485192.24,159,TRANSFER
C9894847574,TXN001469,SENT,74598.01,159,TRANSFER
C5160575046,TXN001470,SENT,45993.28,159,TRANSFER
C2181241943,TXN001471,SENT,50856.82,160,CASH_OUT
C2227193073,TXN001472,SENT,353405.83,160,TRANSFER
C4248149900,TXN001473,SENT,386856.96,160,TRANSFER
C9597198563,TXN001474,SENT,244666.36,160,TRANSFER
C7808938880,TXN001475,SENT,170585.62,160,CASH_OUT
C3392080953,TXN001476,SENT,250474.89,160,CASH_OUT
C3030106617,TXN001477,SENT,156234.94,160,TRANSFER
C2439622619,TXN001478,SENT,341487.55,160,TRANSFER
C7483366056,TXN001479,SENT,401971.58,160,CASH_OUT
C7462972995,TXN001480,SENT,211806.08,160,TRANSFER
C7852415525,TXN001481,SENT,237300.1,160,TRANSFER
C8184602688,TXN001482,SENT,435286.83,160,CASH_OUT
C2067970820,TXN001483,SENT,364086.75,161,CASH_OUT
C2948728483,TXN001484,SENT,184184.96,161,TRANSFER
C4993808565,TXN001485,SENT,409765.5,161,TRANSFER
C5931025271,TXN001486,SENT,298293.67,161,TRANSFER
C3555656321,TXN001487,SENT,48191.71,161,CASH_OUT
C2139027119,TXN001488,SENT,344806.99,161,TRANSFER
C6923301988,TXN001489,SENT,39191.54,161,CASH_OUT
C7575259637,TXN001490,SENT,191574.58,161,CASH_OUT
C8300300577,TXN001491,SENT,12169.35,161,CASH_OUT
C8235363119,TXN001492,SENT,482614.87,161,CASH_OUT
C4239406957,TXN001493,SENT,347434.31,161,CASH_OUT
C1230249217,TXN001494,SENT,251279.98,162,TRANSFER
C2181241943,TXN001495,SENT,391243.24,162,TRANSFER
C7792729530,TXN001496,SENT,113187.56,162,CASH_OUT
C9263135031,TXN001497,SENT,294369.17,162,CASH_OUT
C2812140441,TXN001498,SENT,173836.79,162,CASH_OUT
C9807209816,TXN001499,SENT,336819.99,162,CASH_OUT
C8235363119,TXN001500,SENT,492488.65,162,CASH_OUT
C9343730920,TXN001501,SENT,234222.67,162,TRANSFER
C8106906538,TXN001502,SENT,375942.82,162,CASH_OUT
C9592390865,TXN001503,SENT,49392.93,163,CASH_OUT
C8168204967,TXN001504,SENT,388984.82,163,CASH_OUT
C5659161352,TXN001505,SENT,160382.35,163,CASH_OUT
C3971203213,TXN001506,SENT,251650.03,163,CASH_OUT
C8316648259,TXN001507,SENT,79326.93,163,CASH_OUT
C5736462531,TXN001508,SENT,86963.06,163,TRANSFER
C5659161352,TXN001509,SENT,15491.46,163,CASH_OUT
C4332894265,TXN001510,SENT,204978.86,163,TRANSFER
C7015992643,TXN001511,SENT,12337.04,163,CASH_OUT
C4131356954,TXN001512,SENT,229426.68,164,CASH_OUT
C2926780541,TXN001513,SENT,33341.6,164,CASH_OUT
C7015992643,TXN001514,SENT,398580.02,164,TRANSFER
C4696689457,TXN001515,SENT,123186.86,164,CASH_OUT
C4530959836,TXN001516,SENT,497771.74,164,CASH_OUT
C8370987661,TXN001517,SENT,61370.01,164,TRANSFER
C7825844140,TXN001518,SENT,30833.35,164,TRANSFER
C8934927891,TXN001519,SENT,463767.56,164,CASH_OUT
C6320115677,TXN001520,SENT,377035.35,164,TRANSFER
C7803990970,TXN001521,SENT,132989.34,165,TRANSFER
C1674555072,TXN001522,SENT,378733.31,165,TRANSFER
C9309500117,TXN001523,SENT,18836.58,165,TRANSFER
C4712367625,TXN001524,SENT,146317.93,165,TRANSFER
C3319936135,TXN001525,SENT,148144.93,165,CASH_OUT
C5871743247,TXN001526,SENT,318744.4,165,TRANSFER
C9309500117,TXN001527,SENT,372983.16,165,CASH_OUT
C1106456634,TXN001528,SENT,426452.63,165,TRANSFER
C6923301988,TXN001529,SENT,448669.67,166,CASH_OUT
C2627677155,TXN001530,SENT,389229.17,166,TRANSFER
C7575259637,TXN001531,SENT,423027.22,166,TRANSFER
C5184564874,TXN001532,SENT,476062.11,166,TRANSFER
C3799264931,TXN001533,SENT,223869.79,166,CASH_OUT
C7374584386,TXN001534,SENT,345129.09,166,TRANSFER
C6231117883,TXN001535,SENT,95817.07,166,CASH_OUT
C6698759353,TXN001536,SENT,114565.54,166,CASH_OUT
C3792347639,TXN001537,SENT,160110.31,166,TRANSFER
C3319936135,TXN001538,SENT,295098.56,167,TRANSFER
C9639245200,TXN001539,SENT,388920.54,167,TRANSFER
C3746317213,TXN001540,SENT,301075.72,167,TRANSFER
C2079770569,TXN001541,SENT,125261.98,167,TRANSFER
C7519578899,TXN001542,SENT,472902.81,167,TRANSFER
C1945826486,TXN001543,SENT,216575.44,167,TRANSFER
C8664882079,TXN001544,SENT,381663.47,168,CASH_OUT
C1470939445,TXN001545,SENT,105935.67,168,TRANSFER
C3880327491,TXN001546,SENT,305451.49,168,TRANSFER
C7292076361,TXN001547,SENT,115133.08,168,CASH_OUT
C4712367625,TXN001548,SENT,363628.11,168,CASH_OUT
C4248149900,TXN001549,SENT,470053.67,168,CASH_OUT
C7648059419,TXN001550,SENT,409448.0,168,TRANSFER
C7825844140,TXN001551,SENT,163516.88,168,CASH_OUT
C6242173772,TXN001552,SENT,54310.45,168,TRANSFER
C8331319481,TXN001553,SENT,390832.74,168,TRANSFER
C6075963527,TXN001554,SENT,51618.52,168,TRANSFER
